#CaseId,R.type,R.c.lat,R.c.lon,R.dir.head,R.dir.speed,R.Box.topleft.lat,R.Box.topleft.lon,R.Box.BottomRight.lat,R.Box.BottomRight.lon,Name,SearchScheme,Categories,CategoriesCount,SliceSize,ExtendedConfig,Language
1,1,37.80376,-122.2825,,,,,,,pizza,,,,10,,
2,1,37.65425,-122.40787,,,,,,,Sheraton,,,,10,,
3,1,37.7868,-122.3983,,,,,,,ristorante,,,,10,,
4,1,37.81109,-122.29271,,,,,,,hotel,,,,10,,
5,1,37.80974,-122.29395,,,,,,,bar,,,,10,,
6,1,37.78888,-122.43428,,,,,,,pizzeria,,,,10,,
7,1,37.80066,-122.27649,,,,,,,mexi,,,,10,,
8,1,37.7569,-122.41893,,,,,,,banco,,,,10,,
9,1,37.7767,-122.22397,,,,,,,farmacia,,,,10,,
10,1,37.80376,-122.2825,,,,,,,Pizza,,,,10,,
11,1,37.80426,-122.27421,,,,,,,Starbucks,,,,10,,
12,1,37.65425,-122.40787,,,,,,,sheraton,,,,10,,
13,1,37.78498,-122.41928,,,,,,,cinema,,,,10,,
14,1,37.65425,-122.40787,,,,,,,Sheraton,,,,10,,
15,1,37.80376,-122.2825,,,,,,,piazza,,,,10,,
16,1,37.80556,-122.29593,,,,,,,mexican,,,,10,,
17,1,37.7569,-122.41893,,,,,,,Banco,,,,10,,
18,1,37.80376,-122.2825,,,,,,,PIZZA,,,,10,,
19,1,37.84929,-122.26573,,,,,,,PIZZA HUT,,,,10,,
20,1,37.80513,-122.29402,,,,,,,SUBWAY,,,,10,,
21,1,37.80369,-122.28252,,,,,,,MCDONALDS,,,,10,,
22,1,37.80369,-122.28252,,,,,,,MCDONALD'S,,,,10,,
23,1,37.8065,-122.30018,,,,,,,POST OFFICE,,,,10,,
24,1,37.80326,-122.27181,,,,,,,BURGER KING,,,,10,,
25,1,37.88195,-122.26722,,,,,,,GOLF,,,,10,,
26,1,37.81425,-122.2782,,,,,,,GAS,,,,10,,
27,1,37.82649,-122.25396,,,,,,,MASSAGE,,,,10,,
28,1,37.82962,-122.28527,,,,,,,GAMESTOP,,,,10,,
29,1,37.8313,-122.29297,,,,,,,IKEA,,,,10,,
30,1,37.98752,-122.31165,,,,,,,TOYS R US,,,,10,,
31,1,37.81094,-122.2943,,,,,,,LIQUOR,,,,10,,
32,1,37.80258,-122.27229,,,,,,,PET,,,,10,,
33,1,37.83605,-122.26262,,,,,,,TATTOO,,,,10,,
34,1,37.80029,-122.2718,,,,,,,RESTAURANT,,,,10,,
35,1,37.80671,-122.3008,,,,,,,RESTAURANTS,,,,10,,
36,1,37.87184,-122.26839,,,,,,,LIBRARY,,,,10,,
37,1,37.81109,-122.29271,,,,,,,HOTEL,,,,10,,
38,1,37.80993,-122.26944,,,,,,,FOOD,,,,10,,
39,1,37.84762,-122.25213,,,,,,,ICE CREAM,,,,10,,
40,1,37.81154,-122.25399,,,,,,,CAR WASH,,,,10,,
41,1,37.4052,-122.11869,,,,,,,BOWLING,,,,10,,
42,1,37.83467,-122.28459,,,,,,,BEACH,,,,10,,
43,1,37.86247,-122.26739,,,,,,,FURNITURE,,,,10,,
44,1,37.80475,-122.27229,,,,,,,AIRPORT,,,,10,,
45,1,37.80107,-122.27324,,,,,,,SMART&FINAL,,,,10,,
46,1,37.85021,-122.28598,,,,,,,Sherwin-Williams,,,,10,,
47,1,37.8093,-122.29743,,,,,,,,,,,10,,
48,1,37.80029,-122.2718,,,,,,,restaurant,,,,10,,
49,1,37.7655,-122.43131,,,,,,,bars,,,,10,,
50,1,37.81109,-122.29271,,,,,,,lodging,,,,10,,
51,1,37.80884,-122.2996,,,,,,,shopping,,,,10,,
52,1,37.8108,-122.29675,,,,,,,entertainment,,,,10,,
53,1,37.80823,-122.2872,,,,,,,banks,,,,10,,
54,1,37.86656,-122.26756,,,,,,,atm,,,,10,,
55,1,37.80881,-122.29707,,,,,,,public offices & services,,,,10,,
56,1,37.80721,-122.27428,,,,,,,travel,,,,10,,
57,1,37.805,-122.27668,,,,,,,travel & tourism,,,,10,,
58,1,37.8083,-122.29634,,,,,,,personal services,,,,10,,
59,1,37.80514,-122.29887,,,,,,,automotive,,,,10,,
60,1,37.81309,-122.29622,,,,,,,emergency & health care,,,,10,,
61,1,37.81241,-122.30003,,,,,,,stater bros,,,,10,,
62,1,37.80426,-122.27421,,,,,,,starbuck,,,,10,,
63,1,37.80426,-122.27421,,,,,,,star buck,,,,10,,
64,1,37.78802,-122.30196,,,,,,,antiques,,,,10,,
65,1,37.58362,-122.47444,,,,,,,liquor stores,,,,10,,
66,1,37.75365,-122.24142,,,,,,,cigar,,,,10,,
67,1,37.8841,-122.29695,,,,,,,cigarette,,,,10,,
68,1,37.8699,-122.27118,,,,,,,tobacco,,,,10,,
69,1,37.79935,-122.27154,,,,,,,dealers,,,,10,,
70,1,37.81285,-122.28942,,,,,,,hardware,,,,10,,
71,1,37.84594,-122.21312,,,,,,,tools,,,,10,,
72,1,37.5621,-122.27001,,,,,,,houseware,,,,10,,
73,1,37.84409,-122.28275,,,,,,,jewelry,,,,10,,
74,1,37.80052,-122.21682,,,,,,,stationery,,,,10,,
75,1,37.81425,-122.2782,,,,,,,gas station,,,,10,,
76,1,37.81425,-122.2782,,,,,,,gas station,,,,10,,
77,1,37.8124,-122.30003,,,,,,,gas prices,,,,10,,
78,1,37.81425,-122.2782,,,,,,,gas stations/prices,,,,10,,
79,1,37.82968,-122.28518,,,,,,,verizon wireless store,,,,10,,
80,1,47.54892,-122.31733,,,,,,,pizza,,,,10,,
81,1,47.61026,-122.33368,,,,,,,Sheraton,,,,10,,
82,1,47.67603,-122.20634,,,,,,,ristorante,,,,10,,
83,1,47.54776,-122.32136,,,,,,,hotel,,,,10,,
84,1,47.56529,-122.28848,,,,,,,bar,,,,10,,
85,1,47.51137,-122.24808,,,,,,,pizzeria,,,,10,,
86,1,47.54527,-122.32618,,,,,,,mexi,,,,10,,
87,1,47.60805,-122.33313,,,,,,,banco,,,,10,,
88,1,47.54892,-122.31733,,,,,,,Pizza,,,,10,,
89,1,47.54842,-122.32117,,,,,,,Starbucks,,,,10,,
90,1,47.61026,-122.33368,,,,,,,sheraton,,,,10,,
91,1,47.56567,-122.3654,,,,,,,cinema,,,,10,,
92,1,47.61026,-122.33368,,,,,,,Sheraton,,,,10,,
93,1,47.54892,-122.31733,,,,,,,piazza,,,,10,,
94,1,47.54758,-122.31897,,,,,,,mexican,,,,10,,
95,1,47.60805,-122.33313,,,,,,,Banco,,,,10,,
96,1,47.54892,-122.31733,,,,,,,PIZZA,,,,10,,
97,1,47.54452,-122.37647,,,,,,,PIZZA HUT,,,,10,,
98,1,47.55257,-122.3296,,,,,,,SUBWAY,,,,10,,
99,1,47.54679,-122.32963,,,,,,,MCDONALDS,,,,10,,
100,1,47.54679,-122.32963,,,,,,,MCDONALD'S,,,,10,,
101,1,47.55181,-122.32585,,,,,,,POST OFFICE,,,,10,,
102,1,47.58472,-122.30309,,,,,,,BURGER KING,,,,10,,
103,1,47.55712,-122.21019,,,,,,,GOLF,,,,10,,
104,1,47.562403,-122.329935,,,,,,,GAS,,,,10,,
105,1,47.56099,-122.37681,,,,,,,MASSAGE,,,,10,,
106,1,47.51741,-122.35423,,,,,,,GAMESTOP,,,,10,,
107,1,47.44384,-122.22687,,,,,,,IKEA,,,,10,,
108,1,47.61119,-122.19362,,,,,,,TOYS R US,,,,10,,
109,1,47.56334,-122.33943,,,,,,,LIQUOR,,,,10,,
110,1,47.55179,-122.32604,,,,,,,PET,,,,10,,
111,1,47.61215,-122.34633,,,,,,,TATTOO,,,,10,,
112,1,47.56943,-122.33914,,,,,,,RESTAURANT,,,,10,,
113,1,47.54842,-122.32117,,,,,,,RESTAURANTS,,,,10,,
114,1,47.60454,-122.33666,,,,,,,LIBRARY,,,,10,,
115,1,47.54776,-122.32136,,,,,,,HOTEL,,,,10,,
116,1,47.54755,-122.31607,,,,,,,FOOD,,,,10,,
117,1,47.54461,-122.32727,,,,,,,ICE CREAM,,,,10,,
118,1,47.57511,-122.29571,,,,,,,CAR WASH,,,,10,,
119,1,47.6117,-122.29007,,,,,,,BOWLING,,,,10,,
120,1,47.53236,-122.35501,,,,,,,BEACH,,,,10,,
121,1,47.50405,-122.32763,,,,,,,FURNITURE,,,,10,,
122,1,47.54589,-122.31384,,,,,,,AIRPORT,,,,10,,
123,1,47.81398,-122.3201,,,,,,,SMART&FINAL,,,,10,,
124,1,47.51794,-122.32032,,,,,,,Sherwin-Williams,,,,10,,
125,1,47.55053,-122.30985,,,,,,,,,,,10,,
126,1,47.56943,-122.33914,,,,,,,restaurant,,,,10,,
127,1,47.53415,-122.33106,,,,,,,bars,,,,10,,
128,1,47.54776,-122.32136,,,,,,,lodging,,,,10,,
129,1,47.55053,-122.30985,,,,,,,shopping,,,,10,,
130,1,47.54914,-122.31685,,,,,,,entertainment,,,,10,,
131,1,47.54778,-122.31784,,,,,,,banks,,,,10,,
132,1,47.57913,-122.29879,,,,,,,atm,,,,10,,
133,1,47.55331,-122.31349,,,,,,,public offices & services,,,,10,,
134,1,47.5454,-122.29892,,,,,,,travel,,,,10,,
135,1,47.54589,-122.31382,,,,,,,travel & tourism,,,,10,,
136,1,47.54716,-122.31198,,,,,,,personal services,,,,10,,
137,1,47.54718,-122.31062,,,,,,,automotive,,,,10,,
138,1,47.55191,-122.33117,,,,,,,emergency & health care,,,,10,,
139,1,47.54716,-122.31198,,,,,,,stater bros,,,,10,,
140,1,47.58182,-122.33516,,,,,,,starbuck,,,,10,,
141,1,47.54842,-122.32117,,,,,,,star buck,,,,10,,
142,1,47.54258,-122.23089,,,,,,,antiques,,,,10,,
143,1,47.89773,-122.20683,,,,,,,liquor stores,,,,10,,
144,1,47.54491,-122.18338,,,,,,,cigar,,,,10,,
145,1,47.52946,-122.27003,,,,,,,cigarette,,,,10,,
146,1,47.60548,-122.33536,,,,,,,tobacco,,,,10,,
147,1,47.63711,-122.191,,,,,,,dealers,,,,10,,
148,1,47.54455,-122.32609,,,,,,,hardware,,,,10,,
149,1,47.62595,-122.30059,,,,,,,tools,,,,10,,
150,1,47.48418,-122.27635,,,,,,,houseware,,,,10,,
151,1,47.58599,-122.37656,,,,,,,jewelry,,,,10,,
152,1,47.52688,-122.33193,,,,,,,stationery,,,,10,,
153,1,47.562403,-122.329935,,,,,,,gas station,,,,10,,
154,1,47.562403,-122.329935,,,,,,,gas station,,,,10,,
155,1,47.55863,-122.2907,,,,,,,gas prices,,,,10,,
156,1,47.562403,-122.329935,,,,,,,gas stations/prices,,,,10,,
157,1,47.61235,-122.335793,,,,,,,verizon wireless store,,,,10,,
158,1,40.80411,-96.68242,,,,,,,pizza,,,,10,,
159,1,40.81477,-96.70951,,,,,,,ristorante,,,,10,,
160,1,40.79997,-96.68965,,,,,,,hotel,,,,10,,
161,1,40.81363,-96.70309,,,,,,,bar,,,,10,,
162,1,40.81355,-96.68193,,,,,,,mexi,,,,10,,
163,1,40.75275,-96.64202,,,,,,,banco,,,,10,,
164,1,40.80411,-96.68242,,,,,,,Pizza,,,,10,,
165,1,40.81352,-96.67244,,,,,,,Starbucks,,,,10,,
166,1,40.74501,-96.6802,,,,,,,cinema,,,,10,,
167,1,40.80411,-96.68242,,,,,,,piazza,,,,10,,
168,1,40.80355,-96.68294,,,,,,,mexican,,,,10,,
169,1,40.75275,-96.64202,,,,,,,Banco,,,,10,,
170,1,40.80411,-96.68242,,,,,,,PIZZA,,,,10,,
171,1,40.79175,-96.6987,,,,,,,PIZZA HUT,,,,10,,
172,1,40.818,-96.68236,,,,,,,SUBWAY,,,,10,,
173,1,40.82205,-96.68234,,,,,,,MCDONALDS,,,,10,,
174,1,40.82205,-96.68234,,,,,,,MCDONALD'S,,,,10,,
175,1,40.81366,-96.67009,,,,,,,POST OFFICE,,,,10,,
176,1,40.81358,-96.68496,,,,,,,BURGER KING,,,,10,,
177,1,40.76207,-96.61082,,,,,,,GOLF,,,,10,,
178,1,40.80432,-96.68237,,,,,,,GAS,,,,10,,
179,1,40.79619,-96.68077,,,,,,,MASSAGE,,,,10,,
180,1,40.74068,-96.6783,,,,,,,GAMESTOP,,,,10,,
181,1,40.86355,-96.6819,,,,,,,TOYS R US,,,,10,,
182,1,40.76984,-96.67401,,,,,,,LIQUOR,,,,10,,
183,1,40.81028,-96.68239,,,,,,,PET,,,,10,,
184,1,40.81351,-96.6822,,,,,,,TATTOO,,,,10,,
185,1,40.81593,-96.68234,,,,,,,RESTAURANT,,,,10,,
186,1,40.81593,-96.68234,,,,,,,RESTAURANTS,,,,10,,
187,1,40.78734,-96.64412,,,,,,,LIBRARY,,,,10,,
188,1,40.79997,-96.68965,,,,,,,HOTEL,,,,10,,
189,1,40.79897,-96.67264,,,,,,,FOOD,,,,10,,
190,1,40.84866,-96.64048,,,,,,,ICE CREAM,,,,10,,
191,1,40.81248,-96.69206,,,,,,,CAR WASH,,,,10,,
192,1,40.8659,-96.78219,,,,,,,BOWLING,,,,10,,
193,1,40.78092,-96.65374,,,,,,,BEACH,,,,10,,
194,1,40.81356,-96.69488,,,,,,,FURNITURE,,,,10,,
195,1,40.84574,-96.74504,,,,,,,AIRPORT,,,,10,,
196,1,40.8383,-96.65476,,,,,,,SMART&FINAL,,,,10,,
197,1,40.81501,-96.65611,,,,,,,Sherwin-Williams,,,,10,,
198,1,40.80305,-96.68066,,,,,,,,,,,10,,
199,1,40.81593,-96.68234,,,,,,,restaurant,,,,10,,
200,1,40.79942,-96.67281,,,,,,,bars,,,,10,,
201,1,40.79997,-96.68965,,,,,,,lodging,,,,10,,
202,1,40.80413,-96.68242,,,,,,,shopping,,,,10,,
203,1,40.80251,-96.67874,,,,,,,entertainment,,,,10,,
204,1,40.81247,-96.68492,,,,,,,banks,,,,10,,
205,1,40.81458,-96.70546,,,,,,,atm,,,,10,,
206,1,40.80727,-96.68527,,,,,,,public offices & services,,,,10,,
207,1,40.81061,-96.69969,,,,,,,travel,,,,10,,
208,1,40.79791,-96.6849,,,,,,,travel & tourism,,,,10,,
209,1,40.80261,-96.67804,,,,,,,personal services,,,,10,,
210,1,40.80432,-96.68237,,,,,,,automotive,,,,10,,
211,1,40.8123,-96.67574,,,,,,,emergency & health care,,,,10,,
212,1,40.80379,-96.68243,,,,,,,stater bros,,,,10,,
213,1,40.81352,-96.67244,,,,,,,starbuck,,,,10,,
214,1,40.80074,-96.67191,,,,,,,star buck,,,,10,,
215,1,40.79295,-96.63997,,,,,,,antiques,,,,10,,
216,1,40.79897,-96.67162,,,,,,,liquor stores,,,,10,,
217,1,40.85244,-96.65286,,,,,,,cigar,,,,10,,
218,1,40.85244,-96.65286,,,,,,,cigarette,,,,10,,
219,1,40.82805,-96.65435,,,,,,,tobacco,,,,10,,
220,1,40.80805,-96.65586,,,,,,,dealers,,,,10,,
221,1,40.80413,-96.68242,,,,,,,hardware,,,,10,,
222,1,40.78703,-96.67052,,,,,,,tools,,,,10,,
223,1,40.86994,-96.14253,,,,,,,houseware,,,,10,,
224,1,40.78118,-96.69928,,,,,,,jewelry,,,,10,,
225,1,40.80432,-96.68237,,,,,,,gas station,,,,10,,
226,1,40.80432,-96.68237,,,,,,,gas station,,,,10,,
227,1,40.80815,-96.70228,,,,,,,gas prices,,,,10,,
228,1,40.80432,-96.68237,,,,,,,gas stations/prices,,,,10,,
229,1,40.8132,-96.649706,,,,,,,verizon wireless store,,,,10,,
230,1,32.78519,-96.78107,,,,,,,pizza,,,,10,,
231,1,32.91388,-97.0077,,,,,,,Sheraton,,,,10,,
232,1,32.86121,-96.80418,,,,,,,ristorante,,,,10,,
233,1,32.79095,-96.78034,,,,,,,hotel,,,,10,,
234,1,32.82644,-96.77392,,,,,,,bar,,,,10,,
235,1,32.78444,-96.78493,,,,,,,pizzeria,,,,10,,
236,1,32.78501,-96.782,,,,,,,mexi,,,,10,,
237,1,32.76434,-97.0874,,,,,,,banco,,,,10,,
238,1,32.81847,-96.94947,,,,,,,farmacia,,,,10,,
239,1,32.78519,-96.78107,,,,,,,Pizza,,,,10,,
240,1,32.79373,-96.77708,,,,,,,Starbucks,,,,10,,
241,1,32.91388,-97.0077,,,,,,,sheraton,,,,10,,
242,1,32.87598,-96.76973,,,,,,,cinema,,,,10,,
243,1,32.91388,-97.0077,,,,,,,Sheraton,,,,10,,
244,1,32.78519,-96.78107,,,,,,,piazza,,,,10,,
245,1,32.78421,-96.78189,,,,,,,mexican,,,,10,,
246,1,32.76434,-97.0874,,,,,,,Banco,,,,10,,
247,1,32.78519,-96.78107,,,,,,,PIZZA,,,,10,,
248,1,32.81037,-96.80594,,,,,,,PIZZA HUT,,,,10,,
249,1,32.7842,-96.78608,,,,,,,SUBWAY,,,,10,,
250,1,32.79215,-96.77894,,,,,,,MCDONALDS,,,,10,,
251,1,32.79215,-96.77894,,,,,,,MCDONALD'S,,,,10,,
252,1,32.79135,-96.77388,,,,,,,POST OFFICE,,,,10,,
253,1,32.79938,-96.77641,,,,,,,BURGER KING,,,,10,,
254,1,32.78274,-96.79661,,,,,,,GOLF,,,,10,,
255,1,32.7941,-96.77658,,,,,,,GAS,,,,10,,
256,1,32.78036,-96.79664,,,,,,,MASSAGE,,,,10,,
257,1,32.81004,-96.77157,,,,,,,GAMESTOP,,,,10,,
258,1,33.09518,-96.82146,,,,,,,IKEA,,,,10,,
259,1,32.87548,-96.76978,,,,,,,TOYS R US,,,,10,,
260,1,32.76974,-96.81128,,,,,,,LIQUOR,,,,10,,
261,1,32.78434,-96.79455,,,,,,,PET,,,,10,,
262,1,32.74891,-96.68111,,,,,,,TATTOO,,,,10,,
263,1,32.81022,-96.77021,,,,,,,RESTAURANT,,,,10,,
264,1,32.78519,-96.78107,,,,,,,RESTAURANTS,,,,10,,
265,1,32.79364,-96.7799,,,,,,,LIBRARY,,,,10,,
266,1,32.79095,-96.78034,,,,,,,HOTEL,,,,10,,
267,1,32.79413,-96.75038,,,,,,,FOOD,,,,10,,
268,1,32.8005,-96.78302,,,,,,,ICE CREAM,,,,10,,
269,1,32.79043,-96.80786,,,,,,,CAR WASH,,,,10,,
270,1,32.90911,-96.72795,,,,,,,BOWLING,,,,10,,
271,1,32.79704,-96.79984,,,,,,,BEACH,,,,10,,
272,1,32.79218,-96.81796,,,,,,,FURNITURE,,,,10,,
273,1,32.78125,-96.79646,,,,,,,AIRPORT,,,,10,,
274,1,32.76812,-96.78941,,,,,,,SMART&FINAL,,,,10,,
275,1,32.78632,-96.79069,,,,,,,Sherwin-Williams,,,,10,,
276,1,32.78404,-96.78277,,,,,,,,,,,10,,
277,1,32.81022,-96.77021,,,,,,,restaurant,,,,10,,
278,1,32.80346,-96.60278,,,,,,,bars,,,,10,,
279,1,32.79095,-96.78034,,,,,,,lodging,,,,10,,
280,1,32.78345,-96.78216,,,,,,,shopping,,,,10,,
281,1,32.78407,-96.7828,,,,,,,entertainment,,,,10,,
282,1,32.78577,-96.77917,,,,,,,banks,,,,10,,
283,1,32.79095,-96.78034,,,,,,,atm,,,,10,,
284,1,32.78231,-96.78274,,,,,,,public offices & services,,,,10,,
285,1,32.78215,-96.7956,,,,,,,travel,,,,10,,
286,1,32.78407,-96.7828,,,,,,,travel & tourism,,,,10,,
287,1,32.78354,-96.78137,,,,,,,personal services,,,,10,,
288,1,32.78354,-96.7817,,,,,,,automotive,,,,10,,
289,1,32.78645,-96.78864,,,,,,,emergency & health care,,,,10,,
290,1,32.78603,-96.7769,,,,,,,stater bros,,,,10,,
291,1,32.79373,-96.77708,,,,,,,starbuck,,,,10,,
292,1,32.79373,-96.77708,,,,,,,star buck,,,,10,,
293,1,32.80131,-96.76044,,,,,,,antiques,,,,10,,
294,1,32.75028,-96.7677,,,,,,,liquor stores,,,,10,,
295,1,32.9544,-96.83735,,,,,,,cigar,,,,10,,
296,1,32.71782,-96.82287,,,,,,,cigarette,,,,10,,
297,1,32.76762,-96.76662,,,,,,,tobacco,,,,10,,
298,1,32.86389,-96.67641,,,,,,,dealers,,,,10,,
299,1,32.81518,-96.79318,,,,,,,hardware,,,,10,,
300,1,32.89672,-96.89592,,,,,,,tools,,,,10,,
301,1,32.94959,-96.80366,,,,,,,houseware,,,,10,,
302,1,32.79057,-96.7828,,,,,,,jewelry,,,,10,,
303,1,32.84708,-96.94611,,,,,,,stationery,,,,10,,
304,1,32.7941,-96.77658,,,,,,,gas station,,,,10,,
305,1,32.7941,-96.77658,,,,,,,gas station,,,,10,,
306,1,32.7851,-96.79624,,,,,,,gas prices,,,,10,,
307,1,32.7941,-96.77658,,,,,,,gas stations/prices,,,,10,,
308,1,32.7934,-96.802499,,,,,,,verizon wireless store,,,,10,,
309,1,41.84438,-87.71745,,,,,,,pizza,,,,10,,
310,1,41.74879,-88.03139,,,,,,,Sheraton,,,,10,,
311,1,41.909,-87.79967,,,,,,,ristorante,,,,10,,
312,1,41.86109,-87.70796,,,,,,,hotel,,,,10,,
313,1,41.84441,-87.71189,,,,,,,bar,,,,10,,
314,1,41.85278,-87.62438,,,,,,,pizzeria,,,,10,,
315,1,41.85221,-87.67609,,,,,,,mexi,,,,10,,
316,1,41.84436,-87.71886,,,,,,,banco,,,,10,,
317,1,41.89546,-87.71721,,,,,,,farmacia,,,,10,,
318,1,41.84438,-87.71745,,,,,,,Pizza,,,,10,,
319,1,41.84025,-87.74385,,,,,,,Starbucks,,,,10,,
320,1,41.74879,-88.03139,,,,,,,sheraton,,,,10,,
321,1,41.71139,-87.61392,,,,,,,cinema,,,,10,,
322,1,41.74879,-88.03139,,,,,,,Sheraton,,,,10,,
323,1,41.84438,-87.71745,,,,,,,piazza,,,,10,,
324,1,41.8444,-87.71302,,,,,,,mexican,,,,10,,
325,1,41.84436,-87.71886,,,,,,,Banco,,,,10,,
326,1,41.84438,-87.71745,,,,,,,PIZZA,,,,10,,
327,1,41.85199,-87.68492,,,,,,,PIZZA HUT,,,,10,,
328,1,41.84428,-87.72592,,,,,,,SUBWAY,,,,10,,
329,1,41.844,-87.705,,,,,,,MCDONALDS,,,,10,,
330,1,41.844,-87.705,,,,,,,MCDONALD'S,,,,10,,
331,1,41.84848,-87.72469,,,,,,,POST OFFICE,,,,10,,
332,1,41.84243,-87.70499,,,,,,,BURGER KING,,,,10,,
333,1,41.88966,-87.62659,,,,,,,GOLF,,,,10,,
334,1,41.85156,-87.72342,,,,,,,GAS,,,,10,,
335,1,41.89331,-87.65669,,,,,,,MASSAGE,,,,10,,
336,1,41.85203,-87.68492,,,,,,,GAMESTOP,,,,10,,
337,1,41.72593,-88.03782,,,,,,,IKEA,,,,10,,
338,1,41.94166,-87.68825,,,,,,,TOYS R US,,,,10,,
339,1,41.87635,-87.66813,,,,,,,LIQUOR,,,,10,,
340,1,41.88417,-87.70062,,,,,,,PET,,,,10,,
341,1,41.95315,-87.71845,,,,,,,TATTOO,,,,10,,
342,1,41.84418,-87.72909,,,,,,,RESTAURANT,,,,10,,
343,1,41.8444,-87.71302,,,,,,,RESTAURANTS,,,,10,,
344,1,41.87158,-87.67079,,,,,,,LIBRARY,,,,10,,
345,1,41.86109,-87.70796,,,,,,,HOTEL,,,,10,,
346,1,41.84274,-87.70986,,,,,,,FOOD,,,,10,,
347,1,41.84434,-87.72004,,,,,,,ICE CREAM,,,,10,,
348,1,41.85135,-87.73076,,,,,,,CAR WASH,,,,10,,
349,1,41.87967,-87.7943,,,,,,,BOWLING,,,,10,,
350,1,41.87767,-87.66483,,,,,,,BEACH,,,,10,,
351,1,41.81615,-87.68402,,,,,,,FURNITURE,,,,10,,
352,1,41.85766,-87.64016,,,,,,,AIRPORT,,,,10,,
353,1,41.88073,-87.72413,,,,,,,SMART&FINAL,,,,10,,
354,1,41.83672,-87.66574,,,,,,,Sherwin-Williams,,,,10,,
355,1,41.84826,-87.71364,,,,,,,,,,,10,,
356,1,41.84418,-87.72909,,,,,,,restaurant,,,,10,,
357,1,42.14576,-87.92058,,,,,,,bars,,,,10,,
358,1,41.86109,-87.70796,,,,,,,lodging,,,,10,,
359,1,41.84635,-87.71365,,,,,,,shopping,,,,10,,
360,1,41.84977,-87.71619,,,,,,,entertainment,,,,10,,
361,1,41.84444,-87.71336,,,,,,,banks,,,,10,,
362,1,41.84434,-87.72071,,,,,,,atm,,,,10,,
363,1,41.84777,-87.71489,,,,,,,public offices & services,,,,10,,
364,1,41.86032,-87.71893,,,,,,,travel,,,,10,,
365,1,41.85369,-87.70769,,,,,,,travel & tourism,,,,10,,
366,1,41.84609,-87.71364,,,,,,,personal services,,,,10,,
367,1,41.84882,-87.71487,,,,,,,automotive,,,,10,,
368,1,41.83701,-87.72431,,,,,,,emergency & health care,,,,10,,
369,1,41.85156,-87.72019,,,,,,,stater bros,,,,10,,
370,1,41.84025,-87.74385,,,,,,,starbuck,,,,10,,
371,1,41.84025,-87.74385,,,,,,,star buck,,,,10,,
372,1,41.88374,-87.65444,,,,,,,antiques,,,,10,,
373,1,42.10588,-87.97041,,,,,,,liquor stores,,,,10,,
374,1,41.88157,-87.62613,,,,,,,cigar,,,,10,,
375,1,41.77798,-87.80095,,,,,,,cigarette,,,,10,,
376,1,41.91741,-87.70908,,,,,,,tobacco,,,,10,,
377,1,41.79368,-88.05373,,,,,,,dealers,,,,10,,
378,1,41.84442,-87.71406,,,,,,,hardware,,,,10,,
379,1,41.85543,-87.78983,,,,,,,tools,,,,10,,
380,1,41.8546,-87.63321,,,,,,,houseware,,,,10,,
381,1,41.81259,-87.709,,,,,,,jewelry,,,,10,,
382,1,41.88174,-87.7808,,,,,,,stationery,,,,10,,
383,1,41.85156,-87.72342,,,,,,,gas station,,,,10,,
384,1,41.85156,-87.72342,,,,,,,gas station,,,,10,,
385,1,41.85484,-87.6845,,,,,,,gas prices,,,,10,,
386,1,41.85156,-87.72342,,,,,,,gas stations/prices,,,,10,,
387,1,41.844163,-87.71125,,,,,,,verizon wireless store,,,,10,,
388,1,40.43981,-79.9988,,,,,,,pizza,,,,10,,
389,1,40.43441,-80.00641,,,,,,,Sheraton,,,,10,,
390,1,40.43775,-79.99792,,,,,,,ristorante,,,,10,,
391,1,40.44074,-79.99695,,,,,,,hotel,,,,10,,
392,1,40.42877,-79.98017,,,,,,,bar,,,,10,,
393,1,40.47266,-80.06183,,,,,,,pizzeria,,,,10,,
394,1,40.393,-80.03691,,,,,,,mexi,,,,10,,
395,1,40.31414,-79.72392,,,,,,,banco,,,,10,,
396,1,40.43981,-79.9988,,,,,,,Pizza,,,,10,,
397,1,40.44074,-79.99695,,,,,,,Starbucks,,,,10,,
398,1,40.43441,-80.00641,,,,,,,sheraton,,,,10,,
399,1,40.39223,-80.01119,,,,,,,cinema,,,,10,,
400,1,40.43441,-80.00641,,,,,,,Sheraton,,,,10,,
401,1,40.43981,-79.9988,,,,,,,piazza,,,,10,,
402,1,40.43888,-80.00013,,,,,,,mexican,,,,10,,
403,1,40.31414,-79.72392,,,,,,,Banco,,,,10,,
404,1,40.43981,-79.9988,,,,,,,PIZZA,,,,10,,
405,1,40.42857,-79.97741,,,,,,,PIZZA HUT,,,,10,,
406,1,40.43898,-79.99927,,,,,,,SUBWAY,,,,10,,
407,1,40.44023,-79.99854,,,,,,,MCDONALDS,,,,10,,
408,1,40.44023,-79.99854,,,,,,,MCDONALD'S,,,,10,,
409,1,40.43888,-80.00013,,,,,,,POST OFFICE,,,,10,,
410,1,40.4287,-79.97974,,,,,,,BURGER KING,,,,10,,
411,1,40.5261,-80.03438,,,,,,,GOLF,,,,10,,
412,1,40.45596,-80.0162,,,,,,,GAS,,,,10,,
413,1,40.44873,-79.95003,,,,,,,MASSAGE,,,,10,,
414,1,40.44081,-79.95795,,,,,,,GAMESTOP,,,,10,,
415,1,40.45306,-80.16864,,,,,,,IKEA,,,,10,,
416,1,40.53639,-80.01022,,,,,,,TOYS R US,,,,10,,
417,1,40.44055,-79.95691,,,,,,,LIQUOR,,,,10,,
418,1,40.44187,-79.96075,,,,,,,PET,,,,10,,
419,1,40.43088,-80.00727,,,,,,,TATTOO,,,,10,,
420,1,40.46249,-79.97205,,,,,,,RESTAURANT,,,,10,,
421,1,40.43966,-79.99988,,,,,,,RESTAURANTS,,,,10,,
422,1,40.45408,-79.9492,,,,,,,LIBRARY,,,,10,,
423,1,40.44074,-79.99695,,,,,,,HOTEL,,,,10,,
424,1,40.44143,-79.99538,,,,,,,FOOD,,,,10,,
425,1,40.43103,-80.0072,,,,,,,ICE CREAM,,,,10,,
426,1,40.44301,-79.99728,,,,,,,CAR WASH,,,,10,,
427,1,40.32683,-79.8511,,,,,,,BOWLING,,,,10,,
428,1,40.51996,-80.16792,,,,,,,BEACH,,,,10,,
429,1,40.45559,-79.94579,,,,,,,FURNITURE,,,,10,,
430,1,40.43784,-79.99778,,,,,,,AIRPORT,,,,10,,
431,1,40.43947,-80.00126,,,,,,,SMART&FINAL,,,,10,,
432,1,40.45124,-80.02045,,,,,,,Sherwin-Williams,,,,10,,
433,1,40.44027,-79.99909,,,,,,,,,,,10,,
434,1,40.46249,-79.97205,,,,,,,restaurant,,,,10,,
435,1,40.57896,-79.76698,,,,,,,bars,,,,10,,
436,1,40.44074,-79.99695,,,,,,,lodging,,,,10,,
437,1,40.44026,-79.99919,,,,,,,shopping,,,,10,,
438,1,40.44058,-79.99769,,,,,,,entertainment,,,,10,,
439,1,40.43981,-79.9988,,,,,,,banks,,,,10,,
440,1,40.45961,-79.98466,,,,,,,atm,,,,10,,
441,1,40.44015,-79.99877,,,,,,,public offices & services,,,,10,,
442,1,40.44085,-80.00205,,,,,,,travel,,,,10,,
443,1,40.44052,-79.99977,,,,,,,travel & tourism,,,,10,,
444,1,40.44015,-79.99877,,,,,,,personal services,,,,10,,
445,1,40.4413,-79.99776,,,,,,,automotive,,,,10,,
446,1,40.44937,-79.99814,,,,,,,emergency & health care,,,,10,,
447,1,40.44126,-79.99785,,,,,,,stater bros,,,,10,,
448,1,40.44074,-79.99695,,,,,,,starbuck,,,,10,,
449,1,40.44074,-79.99695,,,,,,,star buck,,,,10,,
450,1,40.46044,-79.9468,,,,,,,antiques,,,,10,,
451,1,40.4409,-80.00641,,,,,,,liquor stores,,,,10,,
452,1,40.45742,-79.97655,,,,,,,cigar,,,,10,,
453,1,40.4257,-80.04159,,,,,,,cigarette,,,,10,,
454,1,40.45166,-80.00639,,,,,,,tobacco,,,,10,,
455,1,40.73701,-80.03595,,,,,,,dealers,,,,10,,
456,1,40.45367,-79.9998,,,,,,,hardware,,,,10,,
457,1,40.36994,-79.91288,,,,,,,tools,,,,10,,
458,1,40.44346,-79.99913,,,,,,,jewelry,,,,10,,
459,1,40.45074,-79.93513,,,,,,,stationery,,,,10,,
460,1,40.45596,-80.0162,,,,,,,gas station,,,,10,,
461,1,40.45596,-80.0162,,,,,,,gas station,,,,10,,
462,1,40.43688,-79.98876,,,,,,,gas prices,,,,10,,
463,1,40.45596,-80.0162,,,,,,,gas stations/prices,,,,10,,
464,1,40.440499,-79.999343,,,,,,,verizon wireless store,,,,10,,
465,1,42.36637,-71.10539,,,,,,,pizza,,,,10,,
466,1,42.34634,-71.08477,,,,,,,Sheraton,,,,10,,
467,1,42.35726,-71.06999,,,,,,,ristorante,,,,10,,
468,1,42.36941,-71.10496,,,,,,,hotel,,,,10,,
469,1,42.34892,-71.0774,,,,,,,bar,,,,10,,
470,1,42.35586,-71.13201,,,,,,,pizzeria,,,,10,,
471,1,42.36627,-71.10513,,,,,,,mexi,,,,10,,
472,1,42.37566,-71.03915,,,,,,,banco,,,,10,,
473,1,42.36637,-71.10539,,,,,,,Pizza,,,,10,,
474,1,42.36546,-71.10376,,,,,,,Starbucks,,,,10,,
475,1,42.34634,-71.08477,,,,,,,sheraton,,,,10,,
476,1,42.25222,-71.00416,,,,,,,cinema,,,,10,,
477,1,42.34634,-71.08477,,,,,,,Sheraton,,,,10,,
478,1,42.36637,-71.10539,,,,,,,piazza,,,,10,,
479,1,42.36627,-71.10513,,,,,,,mexican,,,,10,,
480,1,42.37566,-71.03915,,,,,,,Banco,,,,10,,
481,1,42.36637,-71.10539,,,,,,,PIZZA,,,,10,,
482,1,42.40557,-71.10142,,,,,,,PIZZA HUT,,,,10,,
483,1,42.36515,-71.10448,,,,,,,SUBWAY,,,,10,,
484,1,42.36383,-71.10101,,,,,,,MCDONALDS,,,,10,,
485,1,42.36383,-71.10101,,,,,,,MCDONALD'S,,,,10,,
486,1,42.36678,-71.10603,,,,,,,POST OFFICE,,,,10,,
487,1,42.37764,-71.09003,,,,,,,BURGER KING,,,,10,,
488,1,42.31293,-71.12047,,,,,,,GOLF,,,,10,,
489,1,42.37244,-71.09885,,,,,,,GAS,,,,10,,
490,1,42.35012,-71.07731,,,,,,,MASSAGE,,,,10,,
491,1,42.34217,-71.12059,,,,,,,GAMESTOP,,,,10,,
492,1,42.11405,-71.46973,,,,,,,TOYS R US,,,,10,,
493,1,42.38005,-71.09035,,,,,,,LIQUOR,,,,10,,
494,1,42.37267,-71.12046,,,,,,,PET,,,,10,,
495,1,42.35338,-71.05671,,,,,,,TATTOO,,,,10,,
496,1,42.34945,-71.08312,,,,,,,RESTAURANT,,,,10,,
497,1,42.36851,-71.1091,,,,,,,RESTAURANTS,,,,10,,
498,1,42.373,-71.11027,,,,,,,LIBRARY,,,,10,,
499,1,42.36941,-71.10496,,,,,,,HOTEL,,,,10,,
500,1,42.36729,-71.1101,,,,,,,FOOD,,,,10,,
501,1,42.37344,-71.09838,,,,,,,ICE CREAM,,,,10,,
502,1,42.39063,-71.12155,,,,,,,CAR WASH,,,,10,,
503,1,42.48212,-71.10029,,,,,,,BOWLING,,,,10,,
504,1,42.34087,-71.1175,,,,,,,BEACH,,,,10,,
505,1,42.36517,-71.05834,,,,,,,FURNITURE,,,,10,,
506,1,42.37777,-71.13754,,,,,,,AIRPORT,,,,10,,
507,1,42.36515,-71.10631,,,,,,,SMART&FINAL,,,,10,,
508,1,42.40265,-71.102,,,,,,,Sherwin-Williams,,,,10,,
509,1,42.36965,-71.10565,,,,,,,,,,,10,,
510,1,42.34945,-71.08312,,,,,,,restaurant,,,,10,,
511,1,42.31258,-71.46671,,,,,,,bars,,,,10,,
512,1,42.36941,-71.10496,,,,,,,lodging,,,,10,,
513,1,42.36995,-71.10486,,,,,,,shopping,,,,10,,
514,1,42.37031,-71.10358,,,,,,,entertainment,,,,10,,
515,1,42.3668,-71.10598,,,,,,,banks,,,,10,,
516,1,42.36944,-71.10128,,,,,,,atm,,,,10,,
517,1,42.36965,-71.10565,,,,,,,public offices & services,,,,10,,
518,1,42.37831,-71.10646,,,,,,,travel,,,,10,,
519,1,42.37031,-71.10358,,,,,,,travel & tourism,,,,10,,
520,1,42.3691,-71.1041,,,,,,,personal services,,,,10,,
521,1,42.36928,-71.10793,,,,,,,automotive,,,,10,,
522,1,42.37407,-71.1012,,,,,,,emergency & health care,,,,10,,
523,1,42.37029,-71.10341,,,,,,,stater bros,,,,10,,
524,1,42.36546,-71.10376,,,,,,,starbuck,,,,10,,
525,1,42.36546,-71.10376,,,,,,,star buck,,,,10,,
526,1,42.35963,-71.07073,,,,,,,antiques,,,,10,,
527,1,42.18151,-70.9714,,,,,,,liquor stores,,,,10,,
528,1,42.37029,-71.07095,,,,,,,cigar,,,,10,,
529,1,42.24434,-70.95623,,,,,,,cigarette,,,,10,,
530,1,42.34187,-71.09169,,,,,,,tobacco,,,,10,,
531,1,42.25852,-71.45505,,,,,,,dealers,,,,10,,
532,1,42.36132,-71.09677,,,,,,,hardware,,,,10,,
533,1,42.42363,-71.12125,,,,,,,tools,,,,10,,
534,1,42.38526,-71.11933,,,,,,,houseware,,,,10,,
535,1,42.3727,-71.12001,,,,,,,jewelry,,,,10,,
536,1,42.49637,-71.1265,,,,,,,stationery,,,,10,,
537,1,42.37244,-71.09885,,,,,,,gas station,,,,10,,
538,1,42.37244,-71.09885,,,,,,,gas station,,,,10,,
539,1,42.3694,-71.10128,,,,,,,gas prices,,,,10,,
540,1,42.37244,-71.09885,,,,,,,gas stations/prices,,,,10,,
541,1,42.37261,-71.119869,,,,,,,verizon wireless store,,,,10,,
542,1,38.91733,-77.04163,,,,,,,pizza,,,,10,,
543,1,38.8671,-77.07222,,,,,,,Sheraton,,,,10,,
544,1,38.90662,-77.04346,,,,,,,ristorante,,,,10,,
545,1,38.91812,-77.04604,,,,,,,hotel,,,,10,,
546,1,38.91512,-77.03193,,,,,,,bar,,,,10,,
547,1,38.91688,-77.04142,,,,,,,pizzeria,,,,10,,
548,1,38.91439,-77.05378,,,,,,,mexi,,,,10,,
549,1,38.90237,-77.04607,,,,,,,banco,,,,10,,
550,1,38.91733,-77.04163,,,,,,,Pizza,,,,10,,
551,1,38.92253,-77.04293,,,,,,,Starbucks,,,,10,,
552,1,38.8671,-77.07222,,,,,,,sheraton,,,,10,,
553,1,38.84198,-77.27724,,,,,,,cinema,,,,10,,
554,1,38.8671,-77.07222,,,,,,,Sheraton,,,,10,,
555,1,38.91733,-77.04163,,,,,,,piazza,,,,10,,
556,1,38.91812,-77.04169,,,,,,,mexican,,,,10,,
557,1,38.90237,-77.04607,,,,,,,Banco,,,,10,,
558,1,38.91733,-77.04163,,,,,,,PIZZA,,,,10,,
559,1,38.92333,-77.04173,,,,,,,PIZZA HUT,,,,10,,
560,1,38.92215,-77.04246,,,,,,,SUBWAY,,,,10,,
561,1,38.92233,-77.04252,,,,,,,MCDONALDS,,,,10,,
562,1,38.92233,-77.04252,,,,,,,MCDONALD'S,,,,10,,
563,1,38.91973,-77.04178,,,,,,,POST OFFICE,,,,10,,
564,1,38.92329,-77.04179,,,,,,,BURGER KING,,,,10,,
565,1,38.90717,-77.13054,,,,,,,GOLF,,,,10,,
566,1,38.919137,-77.03194,,,,,,,GAS,,,,10,,
567,1,38.8518,-77.05756,,,,,,,MASSAGE,,,,10,,
568,1,38.90017,-76.99468,,,,,,,GAMESTOP,,,,10,,
569,1,39.02179,-76.92499,,,,,,,IKEA,,,,10,,
570,1,38.84793,-77.12369,,,,,,,TOYS R US,,,,10,,
571,1,38.90662,-77.0059,,,,,,,LIQUOR,,,,10,,
572,1,38.90495,-77.04349,,,,,,,PET,,,,10,,
573,1,38.93284,-77.02046,,,,,,,TATTOO,,,,10,,
574,1,38.91294,-77.04728,,,,,,,RESTAURANT,,,,10,,
575,1,38.91892,-77.04169,,,,,,,RESTAURANTS,,,,10,,
576,1,38.89869,-77.03939,,,,,,,LIBRARY,,,,10,,
577,1,38.91812,-77.04604,,,,,,,HOTEL,,,,10,,
578,1,38.90963,-77.03771,,,,,,,FOOD,,,,10,,
579,1,38.92377,-77.05169,,,,,,,ICE CREAM,,,,10,,
580,1,38.94761,-77.06554,,,,,,,CAR WASH,,,,10,,
581,1,38.86281,-77.05117,,,,,,,BOWLING,,,,10,,
582,1,38.9011,-77.03947,,,,,,,BEACH,,,,10,,
583,1,38.91614,-77.03191,,,,,,,FURNITURE,,,,10,,
584,1,38.91557,-77.05067,,,,,,,AIRPORT,,,,10,,
585,1,38.90649,-77.04262,,,,,,,SMART&FINAL,,,,10,,
586,1,38.86712,-77.0953,,,,,,,Sherwin-Williams,,,,10,,
587,1,38.91801,-77.04623,,,,,,,,,,,10,,
588,1,38.91294,-77.04728,,,,,,,restaurant,,,,10,,
589,1,38.87416,-77.2331,,,,,,,bars,,,,10,,
590,1,38.91812,-77.04604,,,,,,,lodging,,,,10,,
591,1,38.91834,-77.04526,,,,,,,shopping,,,,10,,
592,1,38.91966,-77.04448,,,,,,,entertainment,,,,10,,
593,1,38.91567,-77.0463,,,,,,,banks,,,,10,,
594,1,38.91786,-77.04561,,,,,,,atm,,,,10,,
595,1,38.91863,-77.04509,,,,,,,public offices & services,,,,10,,
596,1,38.9099,-77.04664,,,,,,,travel,,,,10,,
597,1,38.91598,-77.04637,,,,,,,travel & tourism,,,,10,,
598,1,38.9171,-77.04693,,,,,,,personal services,,,,10,,
599,1,38.92048,-77.04038,,,,,,,automotive,,,,10,,
600,1,38.9077,-77.04242,,,,,,,emergency & health care,,,,10,,
601,1,38.92138,-77.04762,,,,,,,stater bros,,,,10,,
602,1,38.92253,-77.04293,,,,,,,starbuck,,,,10,,
603,1,38.92253,-77.04293,,,,,,,star buck,,,,10,,
604,1,38.90782,-77.06397,,,,,,,antiques,,,,10,,
605,1,39.10858,-77.56685,,,,,,,liquor stores,,,,10,,
606,1,38.90107,-77.0385,,,,,,,cigar,,,,10,,
607,1,38.84184,-77.0866,,,,,,,cigarette,,,,10,,
608,1,38.90981,-77.04664,,,,,,,tobacco,,,,10,,
609,1,39.14769,-77.05955,,,,,,,dealers,,,,10,,
610,1,38.91554,-77.03148,,,,,,,hardware,,,,10,,
611,1,38.95472,-77.07417,,,,,,,tools,,,,10,,
612,1,38.81156,-77.04554,,,,,,,houseware,,,,10,,
613,1,38.91259,-77.03805,,,,,,,jewelry,,,,10,,
614,1,38.89179,-77.08391,,,,,,,stationery,,,,10,,
615,1,38.919137,-77.03194,,,,,,,gas station,,,,10,,
616,1,38.919137,-77.03194,,,,,,,gas station,,,,10,,
617,1,38.90876,-77.04105,,,,,,,gas prices,,,,10,,
618,1,38.919137,-77.03194,,,,,,,gas stations/prices,,,,10,,
619,1,38.90375,-77.041194,,,,,,,verizon wireless store,,,,10,,
620,1,28.58057,-81.38958,,,,,,,pizza,,,,10,,
621,1,28.63258,-81.39215,,,,,,,Sheraton,,,,10,,
622,1,28.36053,-81.50954,,,,,,,ristorante,,,,10,,
623,1,28.55302,-81.39264,,,,,,,hotel,,,,10,,
624,1,28.57525,-81.39152,,,,,,,bar,,,,10,,
625,1,28.60228,-81.36511,,,,,,,pizzeria,,,,10,,
626,1,28.55474,-81.41114,,,,,,,mexi,,,,10,,
627,1,28.54199,-81.37906,,,,,,,banco,,,,10,,
628,1,28.58057,-81.38958,,,,,,,Pizza,,,,10,,
629,1,28.5694,-81.38939,,,,,,,Starbucks,,,,10,,
630,1,28.63258,-81.39215,,,,,,,sheraton,,,,10,,
631,1,28.36185,-81.4142,,,,,,,cinema,,,,10,,
632,1,28.63258,-81.39215,,,,,,,Sheraton,,,,10,,
633,1,28.58057,-81.38958,,,,,,,piazza,,,,10,,
634,1,28.57134,-81.38941,,,,,,,mexican,,,,10,,
635,1,28.54199,-81.37906,,,,,,,Banco,,,,10,,
636,1,28.58057,-81.38958,,,,,,,PIZZA,,,,10,,
637,1,28.59556,-81.39725,,,,,,,PIZZA HUT,,,,10,,
638,1,28.54296,-81.37903,,,,,,,SUBWAY,,,,10,,
639,1,28.57782,-81.40694,,,,,,,MCDONALDS,,,,10,,
640,1,28.57782,-81.40694,,,,,,,MCDONALD'S,,,,10,,
641,1,28.56697,-81.38935,,,,,,,POST OFFICE,,,,10,,
642,1,28.553,-81.39086,,,,,,,BURGER KING,,,,10,,
643,1,28.54488,-81.36991,,,,,,,GOLF,,,,10,,
644,1,28.57186,-81.40245,,,,,,,GAS,,,,10,,
645,1,28.56779,-81.34797,,,,,,,MASSAGE,,,,10,,
646,1,28.5534,-81.3464,,,,,,,GAMESTOP,,,,10,,
647,1,28.4842,-81.42825,,,,,,,IKEA,,,,10,,
648,1,28.55313,-81.34938,,,,,,,TOYS R US,,,,10,,
649,1,28.53591,-81.43426,,,,,,,LIQUOR,,,,10,,
650,1,28.59455,-81.36512,,,,,,,PET,,,,10,,
651,1,28.5529,-81.37915,,,,,,,TATTOO,,,,10,,
652,1,28.5221,-81.38465,,,,,,,RESTAURANT,,,,10,,
653,1,28.567,-81.38939,,,,,,,RESTAURANTS,,,,10,,
654,1,28.56341,-81.38834,,,,,,,LIBRARY,,,,10,,
655,1,28.55302,-81.39264,,,,,,,HOTEL,,,,10,,
656,1,28.52675,-81.39703,,,,,,,FOOD,,,,10,,
657,1,28.54031,-81.38151,,,,,,,ICE CREAM,,,,10,,
658,1,28.54301,-81.28571,,,,,,,CAR WASH,,,,10,,
659,1,28.58213,-81.52813,,,,,,,BOWLING,,,,10,,
660,1,28.54345,-81.37907,,,,,,,BEACH,,,,10,,
661,1,28.53854,-81.396,,,,,,,FURNITURE,,,,10,,
662,1,28.56745,-81.39107,,,,,,,AIRPORT,,,,10,,
663,1,28.54572,-81.38464,,,,,,,SMART&FINAL,,,,10,,
664,1,28.58893,-81.41226,,,,,,,Sherwin-Williams,,,,10,,
665,1,28.56476,-81.39265,,,,,,,,,,,10,,
666,1,28.5221,-81.38465,,,,,,,restaurant,,,,10,,
667,1,28.56357,-81.38931,,,,,,,bars,,,,10,,
668,1,28.55302,-81.39264,,,,,,,lodging,,,,10,,
669,1,28.56471,-81.39249,,,,,,,shopping,,,,10,,
670,1,28.56793,-81.39038,,,,,,,entertainment,,,,10,,
671,1,28.564,-81.38936,,,,,,,banks,,,,10,,
672,1,28.60565,-81.40353,,,,,,,atm,,,,10,,
673,1,28.56323,-81.3893,,,,,,,public offices & services,,,,10,,
674,1,28.55382,-81.36551,,,,,,,travel,,,,10,,
675,1,28.55505,-81.38774,,,,,,,travel & tourism,,,,10,,
676,1,28.56559,-81.39488,,,,,,,personal services,,,,10,,
677,1,28.56399,-81.38936,,,,,,,automotive,,,,10,,
678,1,28.57314,-81.37944,,,,,,,emergency & health care,,,,10,,
679,1,28.568,-81.38884,,,,,,,stater bros,,,,10,,
680,1,28.5694,-81.38939,,,,,,,starbuck,,,,10,,
681,1,28.5694,-81.38939,,,,,,,star buck,,,,10,,
682,1,28.57044,-81.37357,,,,,,,antiques,,,,10,,
683,1,28.5124,-81.26904,,,,,,,liquor stores,,,,10,,
684,1,28.49551,-81.45912,,,,,,,cigar,,,,10,,
685,1,28.70303,-81.32699,,,,,,,cigarette,,,,10,,
686,1,28.24604,-81.27957,,,,,,,tobacco,,,,10,,
687,1,28.59882,-81.29084,,,,,,,dealers,,,,10,,
688,1,28.59068,-81.36506,,,,,,,hardware,,,,10,,
689,1,28.49466,-81.45912,,,,,,,tools,,,,10,,
690,1,28.45461,-81.48904,,,,,,,houseware,,,,10,,
691,1,28.57175,-81.38947,,,,,,,jewelry,,,,10,,
692,1,28.59744,-81.35102,,,,,,,stationery,,,,10,,
693,1,28.57186,-81.40245,,,,,,,gas station,,,,10,,
694,1,28.57186,-81.40245,,,,,,,gas station,,,,10,,
695,1,28.57784,-81.39149,,,,,,,gas prices,,,,10,,
696,1,28.57186,-81.40245,,,,,,,gas stations/prices,,,,10,,
697,1,28.55328,-81.337924,,,,,,,verizon wireless store,,,,10,,
698,1,21.31435,-157.8685,,,,,,,pizza,,,,10,,
699,1,21.27872,-157.82858,,,,,,,Sheraton,,,,10,,
700,1,21.30938,-157.86016,,,,,,,ristorante,,,,10,,
701,1,21.31514,-157.86272,,,,,,,hotel,,,,10,,
702,1,21.3398,-157.83124,,,,,,,bar,,,,10,,
703,1,21.29232,-157.83651,,,,,,,pizzeria,,,,10,,
704,1,21.33104,-157.86551,,,,,,,mexi,,,,10,,
705,1,21.31046,-157.85896,,,,,,,banco,,,,10,,
706,1,21.31435,-157.8685,,,,,,,Pizza,,,,10,,
707,1,21.33568,-157.86913,,,,,,,Starbucks,,,,10,,
708,1,21.27872,-157.82858,,,,,,,sheraton,,,,10,,
709,1,21.31624,-157.87036,,,,,,,cinema,,,,10,,
710,1,21.27872,-157.82858,,,,,,,Sheraton,,,,10,,
711,1,21.31435,-157.8685,,,,,,,piazza,,,,10,,
712,1,21.33104,-157.86551,,,,,,,mexican,,,,10,,
713,1,21.31046,-157.85896,,,,,,,Banco,,,,10,,
714,1,21.31435,-157.8685,,,,,,,PIZZA,,,,10,,
715,1,21.30567,-157.83831,,,,,,,PIZZA HUT,,,,10,,
716,1,21.33568,-157.86913,,,,,,,SUBWAY,,,,10,,
717,1,21.31622,-157.87059,,,,,,,MCDONALDS,,,,10,,
718,1,21.31622,-157.87059,,,,,,,MCDONALD'S,,,,10,,
719,1,21.31193,-157.86054,,,,,,,POST OFFICE,,,,10,,
720,1,21.32468,-157.87695,,,,,,,BURGER KING,,,,10,,
721,1,21.33392,-157.86549,,,,,,,GOLF,,,,10,,
722,1,21.31838,-157.86592,,,,,,,GAS,,,,10,,
723,1,21.31046,-157.85896,,,,,,,MASSAGE,,,,10,,
724,1,21.27847,-157.78658,,,,,,,GAMESTOP,,,,10,,
725,1,21.38288,-157.93727,,,,,,,TOYS R US,,,,10,,
726,1,21.30172,-157.85474,,,,,,,LIQUOR,,,,10,,
727,1,21.30722,-157.86506,,,,,,,PET,,,,10,,
728,1,21.31326,-157.85277,,,,,,,TATTOO,,,,10,,
729,1,21.31591,-157.8621,,,,,,,RESTAURANT,,,,10,,
730,1,21.3224,-157.85899,,,,,,,RESTAURANTS,,,,10,,
731,1,21.32096,-157.8608,,,,,,,LIBRARY,,,,10,,
732,1,21.31514,-157.86272,,,,,,,HOTEL,,,,10,,
733,1,21.31015,-157.85928,,,,,,,FOOD,,,,10,,
734,1,21.32326,-157.88605,,,,,,,ICE CREAM,,,,10,,
735,1,21.2962,-157.84963,,,,,,,CAR WASH,,,,10,,
736,1,21.2924,-157.82388,,,,,,,BOWLING,,,,10,,
737,1,21.30866,-157.84253,,,,,,,BEACH,,,,10,,
738,1,21.31398,-157.86959,,,,,,,FURNITURE,,,,10,,
739,1,21.31033,-157.86329,,,,,,,AIRPORT,,,,10,,
740,1,21.31161,-157.8596,,,,,,,SMART&FINAL,,,,10,,
741,1,21.38427,-158.00417,,,,,,,Sherwin-Williams,,,,10,,
742,1,21.3286,-157.85892,,,,,,,,,,,10,,
743,1,21.31591,-157.8621,,,,,,,restaurant,,,,10,,
744,1,21.32376,-157.85756,,,,,,,bars,,,,10,,
745,1,21.31514,-157.86272,,,,,,,lodging,,,,10,,
746,1,21.3286,-157.85892,,,,,,,shopping,,,,10,,
747,1,21.32997,-157.85685,,,,,,,entertainment,,,,10,,
748,1,21.3237,-157.8574,,,,,,,banks,,,,10,,
749,1,21.29388,-157.84419,,,,,,,atm,,,,10,,
750,1,21.32727,-157.85993,,,,,,,public offices & services,,,,10,,
751,1,21.31722,-157.86808,,,,,,,travel,,,,10,,
752,1,21.32852,-157.85195,,,,,,,travel & tourism,,,,10,,
753,1,21.32744,-157.86136,,,,,,,personal services,,,,10,,
754,1,21.32351,-157.85758,,,,,,,automotive,,,,10,,
755,1,21.32641,-157.85774,,,,,,,emergency & health care,,,,10,,
756,1,21.31967,-157.86263,,,,,,,stater bros,,,,10,,
757,1,21.33568,-157.86913,,,,,,,starbuck,,,,10,,
758,1,21.33568,-157.86913,,,,,,,star buck,,,,10,,
759,1,21.29085,-157.74581,,,,,,,antiques,,,,10,,
760,1,21.32538,-157.85528,,,,,,,liquor stores,,,,10,,
761,1,21.30019,-157.84513,,,,,,,cigar,,,,10,,
762,1,21.31365,-157.85848,,,,,,,cigarette,,,,10,,
763,1,21.28607,-157.82736,,,,,,,tobacco,,,,10,,
764,1,21.3023,-157.7911,,,,,,,dealers,,,,10,,
765,1,21.33843,-157.90015,,,,,,,hardware,,,,10,,
766,1,21.33467,-157.86013,,,,,,,tools,,,,10,,
767,1,21.40964,-157.97541,,,,,,,houseware,,,,10,,
768,1,21.31046,-157.85896,,,,,,,jewelry,,,,10,,
769,1,21.37186,-157.9028,,,,,,,stationery,,,,10,,
770,1,21.31838,-157.86592,,,,,,,gas station,,,,10,,
771,1,21.31838,-157.86592,,,,,,,gas station,,,,10,,
772,1,21.32239,-157.87371,,,,,,,gas prices,,,,10,,
773,1,21.31838,-157.86592,,,,,,,gas stations/prices,,,,10,,
774,1,21.29336,-157.842655,,,,,,,verizon wireless store,,,,10,,
775,1,40.72505,-73.99703,,,,,,,pizza,,,,10,,
776,1,40.76022,-73.97601,,,,,,,Sheraton,,,,10,,
777,1,40.72004,-73.99704,,,,,,,ristorante,,,,10,,
778,1,40.72487,-73.99839,,,,,,,hotel,,,,10,,
779,1,40.828099,-74.101082,,,,,,,bar,,,,10,,
780,1,40.72208,-73.99653,,,,,,,pizzeria,,,,10,,
781,1,40.72249,-74.00143,,,,,,,mexi,,,,10,,
782,1,40.71831,-73.98712,,,,,,,banco,,,,10,,
783,1,40.71214,-73.9408,,,,,,,farmacia,,,,10,,
784,1,40.72505,-73.99703,,,,,,,Pizza,,,,10,,
785,1,40.72675,-74.0001,,,,,,,Starbucks,,,,10,,
786,1,40.76022,-73.97601,,,,,,,sheraton,,,,10,,
787,1,40.72555,-73.99668,,,,,,,cinema,,,,10,,
788,1,40.76022,-73.97601,,,,,,,Sheraton,,,,10,,
789,1,40.72505,-73.99703,,,,,,,piazza,,,,10,,
790,1,40.72671,-74.00007,,,,,,,mexican,,,,10,,
791,1,40.71831,-73.98712,,,,,,,Banco,,,,10,,
792,1,40.72505,-73.99703,,,,,,,PIZZA,,,,10,,
793,1,40.75071,-73.99001,,,,,,,PIZZA HUT,,,,10,,
794,1,40.72521,-73.99476,,,,,,,SUBWAY,,,,10,,
795,1,40.72927,-73.99349,,,,,,,MCDONALDS,,,,10,,
796,1,40.72927,-73.99349,,,,,,,MCDONALD'S,,,,10,,
797,1,40.72505,-73.99927,,,,,,,POST OFFICE,,,,10,,
798,1,40.71815,-73.98663,,,,,,,BURGER KING,,,,10,,
799,1,40.74793,-73.98741,,,,,,,GOLF,,,,10,,
800,1,40.73007,-74.04081,,,,,,,GAS,,,,10,,
801,1,40.749336,-73.993912,,,,,,,MASSAGE,,,,10,,
802,1,40.72802,-73.99462,,,,,,,GAMESTOP,,,,10,,
803,1,40.67222,-74.01108,,,,,,,IKEA,,,,10,,
804,1,40.75759,-73.98562,,,,,,,TOYS R US,,,,10,,
805,1,40.828099,-74.101082,,,,,,,LIQUOR,,,,10,,
806,1,40.773907,-73.959664,,,,,,,PET,,,,10,,
807,1,40.586376,-73.952186,,,,,,,TATTOO,,,,10,,
808,1,40.721069,-73.990967,,,,,,,RESTAURANT,,,,10,,
809,1,40.721069,-73.990967,,,,,,,RESTAURANTS,,,,10,,
810,1,40.72983,-73.99721,,,,,,,LIBRARY,,,,10,,
811,1,40.72487,-73.99839,,,,,,,HOTEL,,,,10,,
812,1,40.721069,-73.990967,,,,,,,FOOD,,,,10,,
813,1,40.72533,-74.00348,,,,,,,ICE CREAM,,,,10,,
814,1,40.6922,-73.98249,,,,,,,CAR WASH,,,,10,,
815,1,40.70515,-74.01391,,,,,,,BOWLING,,,,10,,
816,1,40.73393,-74.00292,,,,,,,BEACH,,,,10,,
817,1,40.733831,-73.988451,,,,,,,FURNITURE,,,,10,,
818,1,40.73484,-73.9945,,,,,,,AIRPORT,,,,10,,
819,1,40.72474,-73.997479,,,,,,,Verizon Wireless Stores,,,,10,,
820,1,40.72479,-73.99732,,,,,,,Tiendas de Verizon Wireless,,,,10,,
821,1,40.72479,-73.99732,,,,,,,Tiendas Verizon Wireless,,,,10,,
822,1,40.72474,-73.997479,,,,,,,Verizon Wireless Store,,,,10,,
823,1,40.72479,-73.99732,,,,,,,Tienda de Verizon Wireless,,,,10,,
824,1,40.72479,-73.99732,,,,,,,Tienda Verizon Wireless,,,,10,,
825,1,40.72474,-73.997479,,,,,,,Verizon Stores,,,,10,,
826,1,40.72479,-73.99732,,,,,,,Tiendas de Verizon,,,,10,,
827,1,40.72479,-73.99732,,,,,,,Tiendas Verizon,,,,10,,
828,1,40.72474,-73.997479,,,,,,,Verizon Store,,,,10,,
829,1,40.72479,-73.99732,,,,,,,Tienda de Verizon,,,,10,,
830,1,40.72479,-73.99732,,,,,,,Tienda Verizon,,,,10,,
831,1,40.72474,-73.997479,,,,,,,Verizon Wireless,,,,10,,
832,1,40.72474,-73.997479,,,,,,,Verizon,,,,10,,
833,1,40.72474,-73.997479,,,,,,,VZW,,,,10,,
834,1,61.16708,-149.83817,,,,,,,pizza,,,,10,,
835,1,61.21663,-149.87611,,,,,,,Sheraton,,,,10,,
836,1,61.17204,-149.84267,,,,,,,hotel,,,,10,,
837,1,61.16004,-149.82418,,,,,,,bar,,,,10,,
838,1,61.18086,-149.81632,,,,,,,pizzeria,,,,10,,
839,1,61.15456,-149.86408,,,,,,,mexi,,,,10,,
840,1,61.16708,-149.83817,,,,,,,Pizza,,,,10,,
841,1,61.1448,-149.86278,,,,,,,Starbucks,,,,10,,
842,1,61.21663,-149.87611,,,,,,,sheraton,,,,10,,
843,1,61.18808,-149.89381,,,,,,,cinema,,,,10,,
844,1,61.21663,-149.87611,,,,,,,Sheraton,,,,10,,
845,1,61.16708,-149.83817,,,,,,,piazza,,,,10,,
846,1,61.16643,-149.84451,,,,,,,mexican,,,,10,,
847,1,61.16708,-149.83817,,,,,,,PIZZA,,,,10,,
848,1,61.32666,-149.57084,,,,,,,PIZZA HUT,,,,10,,
849,1,61.16542,-149.8672,,,,,,,SUBWAY,,,,10,,
850,1,61.18087,-149.83214,,,,,,,MCDONALDS,,,,10,,
851,1,61.18087,-149.83214,,,,,,,MCDONALD'S,,,,10,,
852,1,61.16813,-149.83816,,,,,,,POST OFFICE,,,,10,,
853,1,61.14456,-149.86536,,,,,,,BURGER KING,,,,10,,
854,1,61.14162,-149.83422,,,,,,,GOLF,,,,10,,
855,1,61.16607,-149.86769,,,,,,,GAS,,,,10,,
856,1,61.15045,-149.87253,,,,,,,MASSAGE,,,,10,,
857,1,61.14456,-149.86711,,,,,,,GAMESTOP,,,,10,,
858,1,61.14335,-149.87895,,,,,,,TOYS R US,,,,10,,
859,1,61.18083,-149.83624,,,,,,,LIQUOR,,,,10,,
860,1,61.16643,-149.83899,,,,,,,PET,,,,10,,
861,1,61.18083,-149.83579,,,,,,,TATTOO,,,,10,,
862,1,61.15456,-149.86408,,,,,,,RESTAURANT,,,,10,,
863,1,61.15456,-149.86408,,,,,,,RESTAURANTS,,,,10,,
864,1,61.14456,-149.86711,,,,,,,LIBRARY,,,,10,,
865,1,61.17204,-149.84267,,,,,,,HOTEL,,,,10,,
866,1,61.12576,-149.87166,,,,,,,FOOD,,,,10,,
867,1,61.15973,-149.89578,,,,,,,ICE CREAM,,,,10,,
868,1,61.22414,-149.81658,,,,,,,CAR WASH,,,,10,,
869,1,61.18592,-149.91285,,,,,,,BOWLING,,,,10,,
870,1,61.38654,-149.55053,,,,,,,BEACH,,,,10,,
871,1,61.18457,-149.86816,,,,,,,FURNITURE,,,,10,,
872,1,61.16857,-149.84671,,,,,,,AIRPORT,,,,10,,
873,1,61.15192,-149.85942,,,,,,,Tiendas de Verizon Wireless,,,,10,,
874,1,61.15192,-149.85942,,,,,,,Tiendas Verizon Wireless,,,,10,,
875,1,61.15192,-149.85942,,,,,,,Tienda de Verizon Wireless,,,,10,,
876,1,61.15192,-149.85942,,,,,,,Tienda Verizon Wireless,,,,10,,
877,1,61.18105,-149.88451,,,,,,,Tiendas de Verizon,,,,10,,
878,1,61.18105,-149.88451,,,,,,,Tiendas Verizon,,,,10,,
879,1,61.18105,-149.88451,,,,,,,Tienda de Verizon,,,,10,,
880,1,61.18105,-149.88451,,,,,,,Tienda Verizon,,,,10,,
881,1,32.740417,-116.941917,,,,,,,pizza,,,,10,,
882,1,32.71883,-117.1579,,,,,,,Sheraton,,,,10,,
883,1,32.71298,-117.16018,,,,,,,ristorante,,,,10,,
884,1,32.720435,-117.158356,,,,,,,hotel,,,,10,,
885,1,32.71304,-117.16019,,,,,,,bar,,,,10,,
886,1,32.740417,-116.941917,,,,,,,pizzeria,,,,10,,
887,1,32.71466,-117.15608,,,,,,,mexi,,,,10,,
888,1,32.63056,-117.09097,,,,,,,banco,,,,10,,
889,1,32.40031,-117.05221,,,,,,,farmacia,,,,10,,
890,1,32.740417,-116.941917,,,,,,,Pizza,,,,10,,
891,1,32.71149,-117.15495,,,,,,,Starbucks,,,,10,,
892,1,32.71883,-117.1579,,,,,,,sheraton,,,,10,,
893,1,32.71433,-117.16018,,,,,,,cinema,,,,10,,
894,1,32.71883,-117.1579,,,,,,,Sheraton,,,,10,,
895,1,32.740417,-116.941917,,,,,,,piazza,,,,10,,
896,1,32.71466,-117.15608,,,,,,,mexican,,,,10,,
897,1,32.63056,-117.09097,,,,,,,Banco,,,,10,,
898,1,32.740417,-116.941917,,,,,,,PIZZA,,,,10,,
899,1,32.7158,-117.16433,,,,,,,PIZZA HUT,,,,10,,
900,1,32.71515,-117.16015,,,,,,,SUBWAY,,,,10,,
901,1,32.71843,-117.15386,,,,,,,MCDONALDS,,,,10,,
902,1,32.71843,-117.15386,,,,,,,MCDONALD'S,,,,10,,
903,1,32.71467,-117.1568,,,,,,,POST OFFICE,,,,10,,
904,1,32.69806,-117.17063,,,,,,,BURGER KING,,,,10,,
905,1,32.73248,-117.12863,,,,,,,GOLF,,,,10,,
906,1,32.71156,-117.14884,,,,,,,GAS,,,,10,,
907,1,32.70838,-117.15499,,,,,,,MASSAGE,,,,10,,
908,1,32.7145,-117.16111,,,,,,,GAMESTOP,,,,10,,
909,1,32.77938,-117.12777,,,,,,,IKEA,,,,10,,
910,1,32.76951,-117.20343,,,,,,,TOYS R US,,,,10,,
911,1,32.831288,-117.153221,,,,,,,LIQUOR,,,,10,,
912,1,32.71208,-117.1519,,,,,,,PET,,,,10,,
913,1,32.583786,-117.109248,,,,,,,TATTOO,,,,10,,
914,1,32.770244,-117.158726,,,,,,,RESTAURANT,,,,10,,
915,1,32.770244,-117.158726,,,,,,,RESTAURANTS,,,,10,,
916,1,32.66754,-117.10707,,,,,,,LIBRARY,,,,10,,
917,1,32.720435,-117.158356,,,,,,,HOTEL,,,,10,,
918,1,32.770244,-117.158726,,,,,,,FOOD,,,,10,,
919,1,32.7064,-117.13637,,,,,,,ICE CREAM,,,,10,,
920,1,32.7158,-117.16903,,,,,,,CAR WASH,,,,10,,
921,1,32.74463,-117.21364,,,,,,,BOWLING,,,,10,,
922,1,32.71368,-117.16107,,,,,,,BEACH,,,,10,,
923,1,32.836189,-117.138386,,,,,,,FURNITURE,,,,10,,
924,1,32.71019,-117.15652,,,,,,,AIRPORT,,,,10,,
925,1,32.704,-117.101583,,,,,,,Verizon Wireless Stores,,,,10,,
926,1,32.7158,-117.16263,,,,,,,Tiendas de Verizon Wireless,,,,10,,
927,1,32.7158,-117.16263,,,,,,,Tiendas Verizon Wireless,,,,10,,
928,1,32.704,-117.101583,,,,,,,Verizon Wireless Store,,,,10,,
929,1,32.7158,-117.16263,,,,,,,Tienda de Verizon Wireless,,,,10,,
930,1,32.7158,-117.16263,,,,,,,Tienda Verizon Wireless,,,,10,,
931,1,32.704,-117.101583,,,,,,,Verizon Stores,,,,10,,
932,1,32.7158,-117.16263,,,,,,,Tiendas de Verizon,,,,10,,
933,1,32.7158,-117.16263,,,,,,,Tiendas Verizon,,,,10,,
934,1,32.704,-117.101583,,,,,,,Verizon Store,,,,10,,
935,1,32.7158,-117.16263,,,,,,,Tienda de Verizon,,,,10,,
936,1,32.7158,-117.16263,,,,,,,Tienda Verizon,,,,10,,
937,1,32.704,-117.101583,,,,,,,Verizon Wireless,,,,10,,
938,1,32.704,-117.101583,,,,,,,Verizon,,,,10,,
939,1,32.704,-117.101583,,,,,,,VZW,,,,10,,
940,1,37.8095,-122.2978,,,,,,,pizza,,,,10,,
941,1,37.8095,-122.2978,,,,,,,Sheraton,,,,10,,
942,1,37.8095,-122.2978,,,,,,,ristorante,,,,10,,
943,1,37.8095,-122.2978,,,,,,,hotel,,,,10,,
944,1,37.8095,-122.2978,,,,,,,bar,,,,10,,
945,1,37.8095,-122.2978,,,,,,,pizzeria,,,,10,,
946,1,37.8095,-122.2978,,,,,,,mexi,,,,10,,
947,1,37.8095,-122.2978,,,,,,,banco,,,,10,,
948,1,37.8095,-122.2978,,,,,,,farmacia,,,,10,,
949,1,37.8095,-122.2978,,,,,,,Pizza,,,,10,,
950,1,37.8095,-122.2978,,,,,,,Starbucks,,,,10,,
951,1,37.8095,-122.2978,,,,,,,sheraton,,,,10,,
952,1,37.8095,-122.2978,,,,,,,cinema,,,,10,,
953,1,37.8095,-122.2978,,,,,,,Sheraton,,,,10,,
954,1,37.8095,-122.2978,,,,,,,piazza,,,,10,,
955,1,37.8095,-122.2978,,,,,,,mexican,,,,10,,
956,1,37.8095,-122.2978,,,,,,,Banco,,,,10,,
957,1,37.8095,-122.2978,,,,,,,PIZZA,,,,10,,
958,1,37.8095,-122.2978,,,,,,,PIZZA HUT,,,,10,,
959,1,37.8095,-122.2978,,,,,,,SUBWAY,,,,10,,
960,1,37.8095,-122.2978,,,,,,,MCDONALDS,,,,10,,
961,1,37.8095,-122.2978,,,,,,,MCDONALD'S,,,,10,,
962,1,37.8095,-122.2978,,,,,,,POST OFFICE,,,,10,,
963,1,37.8095,-122.2978,,,,,,,BURGER KING,,,,10,,
964,1,37.8095,-122.2978,,,,,,,GOLF,,,,10,,
965,1,37.8095,-122.2978,,,,,,,GAS,,,,10,,
966,1,37.8095,-122.2978,,,,,,,MASSAGE,,,,10,,
967,1,37.8095,-122.2978,,,,,,,GAMESTOP,,,,10,,
968,1,37.8095,-122.2978,,,,,,,IKEA,,,,10,,
969,1,37.8095,-122.2978,,,,,,,TOYS R US,,,,10,,
970,1,37.8095,-122.2978,,,,,,,LIQUOR,,,,10,,
971,1,37.8095,-122.2978,,,,,,,PET,,,,10,,
972,1,37.8095,-122.2978,,,,,,,TATTOO,,,,10,,
973,1,37.8095,-122.2978,,,,,,,RESTAURANT,,,,10,,
974,1,37.8095,-122.2978,,,,,,,RESTAURANTS,,,,10,,
975,1,37.8095,-122.2978,,,,,,,LIBRARY,,,,10,,
976,1,37.8095,-122.2978,,,,,,,HOTEL,,,,10,,
977,1,37.8095,-122.2978,,,,,,,FOOD,,,,10,,
978,1,37.8095,-122.2978,,,,,,,ICE CREAM,,,,10,,
979,1,37.8095,-122.2978,,,,,,,CAR WASH,,,,10,,
980,1,37.8095,-122.2978,,,,,,,BOWLING,,,,10,,
981,1,37.8095,-122.2978,,,,,,,BEACH,,,,10,,
982,1,37.8095,-122.2978,,,,,,,FURNITURE,,,,10,,
983,1,37.8095,-122.2978,,,,,,,AIRPORT,,,,10,,
984,1,37.8095,-122.2978,,,,,,,SMART&FINAL,,,,10,,
985,1,37.8095,-122.2978,,,,,,,Sherwin-Williams,,,,10,,
986,1,37.8095,-122.2978,,,,,,,,,,,10,,
987,1,37.8095,-122.2978,,,,,,,restaurant,,,,10,,
988,1,37.8095,-122.2978,,,,,,,bars,,,,10,,
989,1,37.8095,-122.2978,,,,,,,lodging,,,,10,,
990,1,37.8095,-122.2978,,,,,,,shopping,,,,10,,
991,1,37.8095,-122.2978,,,,,,,entertainment,,,,10,,
992,1,37.8095,-122.2978,,,,,,,banks,,,,10,,
993,1,37.8095,-122.2978,,,,,,,atm,,,,10,,
994,1,37.8095,-122.2978,,,,,,,public offices & services,,,,10,,
995,1,37.8095,-122.2978,,,,,,,travel,,,,10,,
996,1,37.8095,-122.2978,,,,,,,travel & tourism,,,,10,,
997,1,37.8095,-122.2978,,,,,,,personal services,,,,10,,
998,1,37.8095,-122.2978,,,,,,,automotive,,,,10,,
999,1,37.8095,-122.2978,,,,,,,emergency & health care,,,,10,,
1000,1,37.8095,-122.2978,,,,,,,stater bros,,,,10,,
1001,1,37.8095,-122.2978,,,,,,,starbuck,,,,10,,
1002,1,37.8095,-122.2978,,,,,,,star buck,,,,10,,
1003,1,37.8095,-122.2978,,,,,,,antiques,,,,10,,
1004,1,37.8095,-122.2978,,,,,,,liquor stores,,,,10,,
1005,1,37.8095,-122.2978,,,,,,,cigar,,,,10,,
1006,1,37.8095,-122.2978,,,,,,,cigarette,,,,10,,
1007,1,37.8095,-122.2978,,,,,,,tobacco,,,,10,,
1008,1,37.8095,-122.2978,,,,,,,dealers,,,,10,,
1009,1,37.8095,-122.2978,,,,,,,hardware,,,,10,,
1010,1,37.8095,-122.2978,,,,,,,tools,,,,10,,
1011,1,37.8095,-122.2978,,,,,,,houseware,,,,10,,
1012,1,37.8095,-122.2978,,,,,,,jewelry,,,,10,,
1013,1,37.8095,-122.2978,,,,,,,stationery,,,,10,,
1014,1,37.8095,-122.2978,,,,,,,gas station,,,,10,,
1015,1,37.8095,-122.2978,,,,,,,gas station,,,,10,,
1016,1,37.8095,-122.2978,,,,,,,gas prices,,,,10,,
1017,1,37.8095,-122.2978,,,,,,,gas stations/prices,,,,10,,
1018,1,37.8095,-122.2978,,,,,,,verizon wireless store,,,,10,,
1019,1,47.551,-122.3089,,,,,,,pizza,,,,10,,
1020,1,47.551,-122.3089,,,,,,,Sheraton,,,,10,,
1021,1,47.551,-122.3089,,,,,,,ristorante,,,,10,,
1022,1,47.551,-122.3089,,,,,,,hotel,,,,10,,
1023,1,47.551,-122.3089,,,,,,,bar,,,,10,,
1024,1,47.551,-122.3089,,,,,,,pizzeria,,,,10,,
1025,1,47.551,-122.3089,,,,,,,mexi,,,,10,,
1026,1,47.551,-122.3089,,,,,,,banco,,,,10,,
1027,1,47.551,-122.3089,,,,,,,Pizza,,,,10,,
1028,1,47.551,-122.3089,,,,,,,Starbucks,,,,10,,
1029,1,47.551,-122.3089,,,,,,,sheraton,,,,10,,
1030,1,47.551,-122.3089,,,,,,,cinema,,,,10,,
1031,1,47.551,-122.3089,,,,,,,Sheraton,,,,10,,
1032,1,47.551,-122.3089,,,,,,,piazza,,,,10,,
1033,1,47.551,-122.3089,,,,,,,mexican,,,,10,,
1034,1,47.551,-122.3089,,,,,,,Banco,,,,10,,
1035,1,47.551,-122.3089,,,,,,,PIZZA,,,,10,,
1036,1,47.551,-122.3089,,,,,,,PIZZA HUT,,,,10,,
1037,1,47.551,-122.3089,,,,,,,SUBWAY,,,,10,,
1038,1,47.551,-122.3089,,,,,,,MCDONALDS,,,,10,,
1039,1,47.551,-122.3089,,,,,,,MCDONALD'S,,,,10,,
1040,1,47.551,-122.3089,,,,,,,POST OFFICE,,,,10,,
1041,1,47.551,-122.3089,,,,,,,BURGER KING,,,,10,,
1042,1,47.551,-122.3089,,,,,,,GOLF,,,,10,,
1043,1,47.551,-122.3089,,,,,,,GAS,,,,10,,
1044,1,47.551,-122.3089,,,,,,,MASSAGE,,,,10,,
1045,1,47.551,-122.3089,,,,,,,GAMESTOP,,,,10,,
1046,1,47.551,-122.3089,,,,,,,IKEA,,,,10,,
1047,1,47.551,-122.3089,,,,,,,TOYS R US,,,,10,,
1048,1,47.551,-122.3089,,,,,,,LIQUOR,,,,10,,
1049,1,47.551,-122.3089,,,,,,,PET,,,,10,,
1050,1,47.551,-122.3089,,,,,,,TATTOO,,,,10,,
1051,1,47.551,-122.3089,,,,,,,RESTAURANT,,,,10,,
1052,1,47.551,-122.3089,,,,,,,RESTAURANTS,,,,10,,
1053,1,47.551,-122.3089,,,,,,,LIBRARY,,,,10,,
1054,1,47.551,-122.3089,,,,,,,HOTEL,,,,10,,
1055,1,47.551,-122.3089,,,,,,,FOOD,,,,10,,
1056,1,47.551,-122.3089,,,,,,,ICE CREAM,,,,10,,
1057,1,47.551,-122.3089,,,,,,,CAR WASH,,,,10,,
1058,1,47.551,-122.3089,,,,,,,BOWLING,,,,10,,
1059,1,47.551,-122.3089,,,,,,,BEACH,,,,10,,
1060,1,47.551,-122.3089,,,,,,,FURNITURE,,,,10,,
1061,1,47.551,-122.3089,,,,,,,AIRPORT,,,,10,,
1062,1,47.551,-122.3089,,,,,,,SMART&FINAL,,,,10,,
1063,1,47.551,-122.3089,,,,,,,Sherwin-Williams,,,,10,,
1064,1,47.551,-122.3089,,,,,,,,,,,10,,
1065,1,47.551,-122.3089,,,,,,,restaurant,,,,10,,
1066,1,47.551,-122.3089,,,,,,,bars,,,,10,,
1067,1,47.551,-122.3089,,,,,,,lodging,,,,10,,
1068,1,47.551,-122.3089,,,,,,,shopping,,,,10,,
1069,1,47.551,-122.3089,,,,,,,entertainment,,,,10,,
1070,1,47.551,-122.3089,,,,,,,banks,,,,10,,
1071,1,47.551,-122.3089,,,,,,,atm,,,,10,,
1072,1,47.551,-122.3089,,,,,,,public offices & services,,,,10,,
1073,1,47.551,-122.3089,,,,,,,travel,,,,10,,
1074,1,47.551,-122.3089,,,,,,,travel & tourism,,,,10,,
1075,1,47.551,-122.3089,,,,,,,personal services,,,,10,,
1076,1,47.551,-122.3089,,,,,,,automotive,,,,10,,
1077,1,47.551,-122.3089,,,,,,,emergency & health care,,,,10,,
1078,1,47.551,-122.3089,,,,,,,stater bros,,,,10,,
1079,1,47.551,-122.3089,,,,,,,starbuck,,,,10,,
1080,1,47.551,-122.3089,,,,,,,star buck,,,,10,,
1081,1,47.551,-122.3089,,,,,,,antiques,,,,10,,
1082,1,47.551,-122.3089,,,,,,,liquor stores,,,,10,,
1083,1,47.551,-122.3089,,,,,,,cigar,,,,10,,
1084,1,47.551,-122.3089,,,,,,,cigarette,,,,10,,
1085,1,47.551,-122.3089,,,,,,,tobacco,,,,10,,
1086,1,47.551,-122.3089,,,,,,,dealers,,,,10,,
1087,1,47.551,-122.3089,,,,,,,hardware,,,,10,,
1088,1,47.551,-122.3089,,,,,,,tools,,,,10,,
1089,1,47.551,-122.3089,,,,,,,houseware,,,,10,,
1090,1,47.551,-122.3089,,,,,,,jewelry,,,,10,,
1091,1,47.551,-122.3089,,,,,,,stationery,,,,10,,
1092,1,47.551,-122.3089,,,,,,,gas station,,,,10,,
1093,1,47.551,-122.3089,,,,,,,gas station,,,,10,,
1094,1,47.551,-122.3089,,,,,,,gas prices,,,,10,,
1095,1,47.551,-122.3089,,,,,,,gas stations/prices,,,,10,,
1096,1,47.551,-122.3089,,,,,,,verizon wireless store,,,,10,,
1097,1,40.8034,-96.6809,,,,,,,pizza,,,,10,,
1098,1,40.8034,-96.6809,,,,,,,ristorante,,,,10,,
1099,1,40.8034,-96.6809,,,,,,,hotel,,,,10,,
1100,1,40.8034,-96.6809,,,,,,,bar,,,,10,,
1101,1,40.8034,-96.6809,,,,,,,mexi,,,,10,,
1102,1,40.8034,-96.6809,,,,,,,banco,,,,10,,
1103,1,40.8034,-96.6809,,,,,,,Pizza,,,,10,,
1104,1,40.8034,-96.6809,,,,,,,Starbucks,,,,10,,
1105,1,40.8034,-96.6809,,,,,,,cinema,,,,10,,
1106,1,40.8034,-96.6809,,,,,,,piazza,,,,10,,
1107,1,40.8034,-96.6809,,,,,,,mexican,,,,10,,
1108,1,40.8034,-96.6809,,,,,,,Banco,,,,10,,
1109,1,40.8034,-96.6809,,,,,,,PIZZA,,,,10,,
1110,1,40.8034,-96.6809,,,,,,,PIZZA HUT,,,,10,,
1111,1,40.8034,-96.6809,,,,,,,SUBWAY,,,,10,,
1112,1,40.8034,-96.6809,,,,,,,MCDONALDS,,,,10,,
1113,1,40.8034,-96.6809,,,,,,,MCDONALD'S,,,,10,,
1114,1,40.8034,-96.6809,,,,,,,POST OFFICE,,,,10,,
1115,1,40.8034,-96.6809,,,,,,,BURGER KING,,,,10,,
1116,1,40.8034,-96.6809,,,,,,,GOLF,,,,10,,
1117,1,40.8034,-96.6809,,,,,,,GAS,,,,10,,
1118,1,40.8034,-96.6809,,,,,,,MASSAGE,,,,10,,
1119,1,40.8034,-96.6809,,,,,,,GAMESTOP,,,,10,,
1120,1,40.8034,-96.6809,,,,,,,TOYS R US,,,,10,,
1121,1,40.8034,-96.6809,,,,,,,LIQUOR,,,,10,,
1122,1,40.8034,-96.6809,,,,,,,PET,,,,10,,
1123,1,40.8034,-96.6809,,,,,,,TATTOO,,,,10,,
1124,1,40.8034,-96.6809,,,,,,,RESTAURANT,,,,10,,
1125,1,40.8034,-96.6809,,,,,,,RESTAURANTS,,,,10,,
1126,1,40.8034,-96.6809,,,,,,,LIBRARY,,,,10,,
1127,1,40.8034,-96.6809,,,,,,,HOTEL,,,,10,,
1128,1,40.8034,-96.6809,,,,,,,FOOD,,,,10,,
1129,1,40.8034,-96.6809,,,,,,,ICE CREAM,,,,10,,
1130,1,40.8034,-96.6809,,,,,,,CAR WASH,,,,10,,
1131,1,40.8034,-96.6809,,,,,,,BOWLING,,,,10,,
1132,1,40.8034,-96.6809,,,,,,,BEACH,,,,10,,
1133,1,40.8034,-96.6809,,,,,,,FURNITURE,,,,10,,
1134,1,40.8034,-96.6809,,,,,,,AIRPORT,,,,10,,
1135,1,40.8034,-96.6809,,,,,,,SMART&FINAL,,,,10,,
1136,1,40.8034,-96.6809,,,,,,,Sherwin-Williams,,,,10,,
1137,1,40.8034,-96.6809,,,,,,,,,,,10,,
1138,1,40.8034,-96.6809,,,,,,,restaurant,,,,10,,
1139,1,40.8034,-96.6809,,,,,,,bars,,,,10,,
1140,1,40.8034,-96.6809,,,,,,,lodging,,,,10,,
1141,1,40.8034,-96.6809,,,,,,,shopping,,,,10,,
1142,1,40.8034,-96.6809,,,,,,,entertainment,,,,10,,
1143,1,40.8034,-96.6809,,,,,,,banks,,,,10,,
1144,1,40.8034,-96.6809,,,,,,,atm,,,,10,,
1145,1,40.8034,-96.6809,,,,,,,public offices & services,,,,10,,
1146,1,40.8034,-96.6809,,,,,,,travel,,,,10,,
1147,1,40.8034,-96.6809,,,,,,,travel & tourism,,,,10,,
1148,1,40.8034,-96.6809,,,,,,,personal services,,,,10,,
1149,1,40.8034,-96.6809,,,,,,,automotive,,,,10,,
1150,1,40.8034,-96.6809,,,,,,,emergency & health care,,,,10,,
1151,1,40.8034,-96.6809,,,,,,,stater bros,,,,10,,
1152,1,40.8034,-96.6809,,,,,,,starbuck,,,,10,,
1153,1,40.8034,-96.6809,,,,,,,star buck,,,,10,,
1154,1,40.8034,-96.6809,,,,,,,antiques,,,,10,,
1155,1,40.8034,-96.6809,,,,,,,liquor stores,,,,10,,
1156,1,40.8034,-96.6809,,,,,,,cigar,,,,10,,
1157,1,40.8034,-96.6809,,,,,,,cigarette,,,,10,,
1158,1,40.8034,-96.6809,,,,,,,tobacco,,,,10,,
1159,1,40.8034,-96.6809,,,,,,,dealers,,,,10,,
1160,1,40.8034,-96.6809,,,,,,,hardware,,,,10,,
1161,1,40.8034,-96.6809,,,,,,,tools,,,,10,,
1162,1,40.8034,-96.6809,,,,,,,houseware,,,,10,,
1163,1,40.8034,-96.6809,,,,,,,jewelry,,,,10,,
1164,1,40.8034,-96.6809,,,,,,,gas station,,,,10,,
1165,1,40.8034,-96.6809,,,,,,,gas station,,,,10,,
1166,1,40.8034,-96.6809,,,,,,,gas prices,,,,10,,
1167,1,40.8034,-96.6809,,,,,,,gas stations/prices,,,,10,,
1168,1,40.8034,-96.6809,,,,,,,verizon wireless store,,,,10,,
1169,1,32.784,-96.7826,,,,,,,pizza,,,,10,,
1170,1,32.784,-96.7826,,,,,,,Sheraton,,,,10,,
1171,1,32.784,-96.7826,,,,,,,ristorante,,,,10,,
1172,1,32.784,-96.7826,,,,,,,hotel,,,,10,,
1173,1,32.784,-96.7826,,,,,,,bar,,,,10,,
1174,1,32.784,-96.7826,,,,,,,pizzeria,,,,10,,
1175,1,32.784,-96.7826,,,,,,,mexi,,,,10,,
1176,1,32.784,-96.7826,,,,,,,banco,,,,10,,
1177,1,32.784,-96.7826,,,,,,,farmacia,,,,10,,
1178,1,32.784,-96.7826,,,,,,,Pizza,,,,10,,
1179,1,32.784,-96.7826,,,,,,,Starbucks,,,,10,,
1180,1,32.784,-96.7826,,,,,,,sheraton,,,,10,,
1181,1,32.784,-96.7826,,,,,,,cinema,,,,10,,
1182,1,32.784,-96.7826,,,,,,,Sheraton,,,,10,,
1183,1,32.784,-96.7826,,,,,,,piazza,,,,10,,
1184,1,32.784,-96.7826,,,,,,,mexican,,,,10,,
1185,1,32.784,-96.7826,,,,,,,Banco,,,,10,,
1186,1,32.784,-96.7826,,,,,,,PIZZA,,,,10,,
1187,1,32.784,-96.7826,,,,,,,PIZZA HUT,,,,10,,
1188,1,32.784,-96.7826,,,,,,,SUBWAY,,,,10,,
1189,1,32.784,-96.7826,,,,,,,MCDONALDS,,,,10,,
1190,1,32.784,-96.7826,,,,,,,MCDONALD'S,,,,10,,
1191,1,32.784,-96.7826,,,,,,,POST OFFICE,,,,10,,
1192,1,32.784,-96.7826,,,,,,,BURGER KING,,,,10,,
1193,1,32.784,-96.7826,,,,,,,GOLF,,,,10,,
1194,1,32.784,-96.7826,,,,,,,GAS,,,,10,,
1195,1,32.784,-96.7826,,,,,,,MASSAGE,,,,10,,
1196,1,32.784,-96.7826,,,,,,,GAMESTOP,,,,10,,
1197,1,32.784,-96.7826,,,,,,,IKEA,,,,10,,
1198,1,32.784,-96.7826,,,,,,,TOYS R US,,,,10,,
1199,1,32.784,-96.7826,,,,,,,LIQUOR,,,,10,,
1200,1,32.784,-96.7826,,,,,,,PET,,,,10,,
1201,1,32.784,-96.7826,,,,,,,TATTOO,,,,10,,
1202,1,32.784,-96.7826,,,,,,,RESTAURANT,,,,10,,
1203,1,32.784,-96.7826,,,,,,,RESTAURANTS,,,,10,,
1204,1,32.784,-96.7826,,,,,,,LIBRARY,,,,10,,
1205,1,32.784,-96.7826,,,,,,,HOTEL,,,,10,,
1206,1,32.784,-96.7826,,,,,,,FOOD,,,,10,,
1207,1,32.784,-96.7826,,,,,,,ICE CREAM,,,,10,,
1208,1,32.784,-96.7826,,,,,,,CAR WASH,,,,10,,
1209,1,32.784,-96.7826,,,,,,,BOWLING,,,,10,,
1210,1,32.784,-96.7826,,,,,,,BEACH,,,,10,,
1211,1,32.784,-96.7826,,,,,,,FURNITURE,,,,10,,
1212,1,32.784,-96.7826,,,,,,,AIRPORT,,,,10,,
1213,1,32.784,-96.7826,,,,,,,SMART&FINAL,,,,10,,
1214,1,32.784,-96.7826,,,,,,,Sherwin-Williams,,,,10,,
1215,1,32.784,-96.7826,,,,,,,,,,,10,,
1216,1,32.784,-96.7826,,,,,,,restaurant,,,,10,,
1217,1,32.784,-96.7826,,,,,,,bars,,,,10,,
1218,1,32.784,-96.7826,,,,,,,lodging,,,,10,,
1219,1,32.784,-96.7826,,,,,,,shopping,,,,10,,
1220,1,32.784,-96.7826,,,,,,,entertainment,,,,10,,
1221,1,32.784,-96.7826,,,,,,,banks,,,,10,,
1222,1,32.784,-96.7826,,,,,,,atm,,,,10,,
1223,1,32.784,-96.7826,,,,,,,public offices & services,,,,10,,
1224,1,32.784,-96.7826,,,,,,,travel,,,,10,,
1225,1,32.784,-96.7826,,,,,,,travel & tourism,,,,10,,
1226,1,32.784,-96.7826,,,,,,,personal services,,,,10,,
1227,1,32.784,-96.7826,,,,,,,automotive,,,,10,,
1228,1,32.784,-96.7826,,,,,,,emergency & health care,,,,10,,
1229,1,32.784,-96.7826,,,,,,,stater bros,,,,10,,
1230,1,32.784,-96.7826,,,,,,,starbuck,,,,10,,
1231,1,32.784,-96.7826,,,,,,,star buck,,,,10,,
1232,1,32.784,-96.7826,,,,,,,antiques,,,,10,,
1233,1,32.784,-96.7826,,,,,,,liquor stores,,,,10,,
1234,1,32.784,-96.7826,,,,,,,cigar,,,,10,,
1235,1,32.784,-96.7826,,,,,,,cigarette,,,,10,,
1236,1,32.784,-96.7826,,,,,,,tobacco,,,,10,,
1237,1,32.784,-96.7826,,,,,,,dealers,,,,10,,
1238,1,32.784,-96.7826,,,,,,,hardware,,,,10,,
1239,1,32.784,-96.7826,,,,,,,tools,,,,10,,
1240,1,32.784,-96.7826,,,,,,,houseware,,,,10,,
1241,1,32.784,-96.7826,,,,,,,jewelry,,,,10,,
1242,1,32.784,-96.7826,,,,,,,stationery,,,,10,,
1243,1,32.784,-96.7826,,,,,,,gas station,,,,10,,
1244,1,32.784,-96.7826,,,,,,,gas station,,,,10,,
1245,1,32.784,-96.7826,,,,,,,gas prices,,,,10,,
1246,1,32.784,-96.7826,,,,,,,gas stations/prices,,,,10,,
1247,1,32.784,-96.7826,,,,,,,verizon wireless store,,,,10,,
1248,1,41.8482,-87.7142,,,,,,,pizza,,,,10,,
1249,1,41.8482,-87.7142,,,,,,,Sheraton,,,,10,,
1250,1,41.8482,-87.7142,,,,,,,ristorante,,,,10,,
1251,1,41.8482,-87.7142,,,,,,,hotel,,,,10,,
1252,1,41.8482,-87.7142,,,,,,,bar,,,,10,,
1253,1,41.8482,-87.7142,,,,,,,pizzeria,,,,10,,
1254,1,41.8482,-87.7142,,,,,,,mexi,,,,10,,
1255,1,41.8482,-87.7142,,,,,,,banco,,,,10,,
1256,1,41.8482,-87.7142,,,,,,,farmacia,,,,10,,
1257,1,41.8482,-87.7142,,,,,,,Pizza,,,,10,,
1258,1,41.8482,-87.7142,,,,,,,Starbucks,,,,10,,
1259,1,41.8482,-87.7142,,,,,,,sheraton,,,,10,,
1260,1,41.8482,-87.7142,,,,,,,cinema,,,,10,,
1261,1,41.8482,-87.7142,,,,,,,Sheraton,,,,10,,
1262,1,41.8482,-87.7142,,,,,,,piazza,,,,10,,
1263,1,41.8482,-87.7142,,,,,,,mexican,,,,10,,
1264,1,41.8482,-87.7142,,,,,,,Banco,,,,10,,
1265,1,41.8482,-87.7142,,,,,,,PIZZA,,,,10,,
1266,1,41.8482,-87.7142,,,,,,,PIZZA HUT,,,,10,,
1267,1,41.8482,-87.7142,,,,,,,SUBWAY,,,,10,,
1268,1,41.8482,-87.7142,,,,,,,MCDONALDS,,,,10,,
1269,1,41.8482,-87.7142,,,,,,,MCDONALD'S,,,,10,,
1270,1,41.8482,-87.7142,,,,,,,POST OFFICE,,,,10,,
1271,1,41.8482,-87.7142,,,,,,,BURGER KING,,,,10,,
1272,1,41.8482,-87.7142,,,,,,,GOLF,,,,10,,
1273,1,41.8482,-87.7142,,,,,,,GAS,,,,10,,
1274,1,41.8482,-87.7142,,,,,,,MASSAGE,,,,10,,
1275,1,41.8482,-87.7142,,,,,,,GAMESTOP,,,,10,,
1276,1,41.8482,-87.7142,,,,,,,IKEA,,,,10,,
1277,1,41.8482,-87.7142,,,,,,,TOYS R US,,,,10,,
1278,1,41.8482,-87.7142,,,,,,,LIQUOR,,,,10,,
1279,1,41.8482,-87.7142,,,,,,,PET,,,,10,,
1280,1,41.8482,-87.7142,,,,,,,TATTOO,,,,10,,
1281,1,41.8482,-87.7142,,,,,,,RESTAURANT,,,,10,,
1282,1,41.8482,-87.7142,,,,,,,RESTAURANTS,,,,10,,
1283,1,41.8482,-87.7142,,,,,,,LIBRARY,,,,10,,
1284,1,41.8482,-87.7142,,,,,,,HOTEL,,,,10,,
1285,1,41.8482,-87.7142,,,,,,,FOOD,,,,10,,
1286,1,41.8482,-87.7142,,,,,,,ICE CREAM,,,,10,,
1287,1,41.8482,-87.7142,,,,,,,CAR WASH,,,,10,,
1288,1,41.8482,-87.7142,,,,,,,BOWLING,,,,10,,
1289,1,41.8482,-87.7142,,,,,,,BEACH,,,,10,,
1290,1,41.8482,-87.7142,,,,,,,FURNITURE,,,,10,,
1291,1,41.8482,-87.7142,,,,,,,AIRPORT,,,,10,,
1292,1,41.8482,-87.7142,,,,,,,SMART&FINAL,,,,10,,
1293,1,41.8482,-87.7142,,,,,,,Sherwin-Williams,,,,10,,
1294,1,41.8482,-87.7142,,,,,,,,,,,10,,
1295,1,41.8482,-87.7142,,,,,,,restaurant,,,,10,,
1296,1,41.8482,-87.7142,,,,,,,bars,,,,10,,
1297,1,41.8482,-87.7142,,,,,,,lodging,,,,10,,
1298,1,41.8482,-87.7142,,,,,,,shopping,,,,10,,
1299,1,41.8482,-87.7142,,,,,,,entertainment,,,,10,,
1300,1,41.8482,-87.7142,,,,,,,banks,,,,10,,
1301,1,41.8482,-87.7142,,,,,,,atm,,,,10,,
1302,1,41.8482,-87.7142,,,,,,,public offices & services,,,,10,,
1303,1,41.8482,-87.7142,,,,,,,travel,,,,10,,
1304,1,41.8482,-87.7142,,,,,,,travel & tourism,,,,10,,
1305,1,41.8482,-87.7142,,,,,,,personal services,,,,10,,
1306,1,41.8482,-87.7142,,,,,,,automotive,,,,10,,
1307,1,41.8482,-87.7142,,,,,,,emergency & health care,,,,10,,
1308,1,41.8482,-87.7142,,,,,,,stater bros,,,,10,,
1309,1,41.8482,-87.7142,,,,,,,starbuck,,,,10,,
1310,1,41.8482,-87.7142,,,,,,,star buck,,,,10,,
1311,1,41.8482,-87.7142,,,,,,,antiques,,,,10,,
1312,1,41.8482,-87.7142,,,,,,,liquor stores,,,,10,,
1313,1,41.8482,-87.7142,,,,,,,cigar,,,,10,,
1314,1,41.8482,-87.7142,,,,,,,cigarette,,,,10,,
1315,1,41.8482,-87.7142,,,,,,,tobacco,,,,10,,
1316,1,41.8482,-87.7142,,,,,,,dealers,,,,10,,
1317,1,41.8482,-87.7142,,,,,,,hardware,,,,10,,
1318,1,41.8482,-87.7142,,,,,,,tools,,,,10,,
1319,1,41.8482,-87.7142,,,,,,,houseware,,,,10,,
1320,1,41.8482,-87.7142,,,,,,,jewelry,,,,10,,
1321,1,41.8482,-87.7142,,,,,,,stationery,,,,10,,
1322,1,41.8482,-87.7142,,,,,,,gas station,,,,10,,
1323,1,41.8482,-87.7142,,,,,,,gas station,,,,10,,
1324,1,41.8482,-87.7142,,,,,,,gas prices,,,,10,,
1325,1,41.8482,-87.7142,,,,,,,gas stations/prices,,,,10,,
1326,1,41.8482,-87.7142,,,,,,,verizon wireless store,,,,10,,
1327,1,40.4404,-79.999,,,,,,,pizza,,,,10,,
1328,1,40.4404,-79.999,,,,,,,Sheraton,,,,10,,
1329,1,40.4404,-79.999,,,,,,,ristorante,,,,10,,
1330,1,40.4404,-79.999,,,,,,,hotel,,,,10,,
1331,1,40.4404,-79.999,,,,,,,bar,,,,10,,
1332,1,40.4404,-79.999,,,,,,,pizzeria,,,,10,,
1333,1,40.4404,-79.999,,,,,,,mexi,,,,10,,
1334,1,40.4404,-79.999,,,,,,,banco,,,,10,,
1335,1,40.4404,-79.999,,,,,,,Pizza,,,,10,,
1336,1,40.4404,-79.999,,,,,,,Starbucks,,,,10,,
1337,1,40.4404,-79.999,,,,,,,sheraton,,,,10,,
1338,1,40.4404,-79.999,,,,,,,cinema,,,,10,,
1339,1,40.4404,-79.999,,,,,,,Sheraton,,,,10,,
1340,1,40.4404,-79.999,,,,,,,piazza,,,,10,,
1341,1,40.4404,-79.999,,,,,,,mexican,,,,10,,
1342,1,40.4404,-79.999,,,,,,,Banco,,,,10,,
1343,1,40.4404,-79.999,,,,,,,PIZZA,,,,10,,
1344,1,40.4404,-79.999,,,,,,,PIZZA HUT,,,,10,,
1345,1,40.4404,-79.999,,,,,,,SUBWAY,,,,10,,
1346,1,40.4404,-79.999,,,,,,,MCDONALDS,,,,10,,
1347,1,40.4404,-79.999,,,,,,,MCDONALD'S,,,,10,,
1348,1,40.4404,-79.999,,,,,,,POST OFFICE,,,,10,,
1349,1,40.4404,-79.999,,,,,,,BURGER KING,,,,10,,
1350,1,40.4404,-79.999,,,,,,,GOLF,,,,10,,
1351,1,40.4404,-79.999,,,,,,,GAS,,,,10,,
1352,1,40.4404,-79.999,,,,,,,MASSAGE,,,,10,,
1353,1,40.4404,-79.999,,,,,,,GAMESTOP,,,,10,,
1354,1,40.4404,-79.999,,,,,,,IKEA,,,,10,,
1355,1,40.4404,-79.999,,,,,,,TOYS R US,,,,10,,
1356,1,40.4404,-79.999,,,,,,,LIQUOR,,,,10,,
1357,1,40.4404,-79.999,,,,,,,PET,,,,10,,
1358,1,40.4404,-79.999,,,,,,,TATTOO,,,,10,,
1359,1,40.4404,-79.999,,,,,,,RESTAURANT,,,,10,,
1360,1,40.4404,-79.999,,,,,,,RESTAURANTS,,,,10,,
1361,1,40.4404,-79.999,,,,,,,LIBRARY,,,,10,,
1362,1,40.4404,-79.999,,,,,,,HOTEL,,,,10,,
1363,1,40.4404,-79.999,,,,,,,FOOD,,,,10,,
1364,1,40.4404,-79.999,,,,,,,ICE CREAM,,,,10,,
1365,1,40.4404,-79.999,,,,,,,CAR WASH,,,,10,,
1366,1,40.4404,-79.999,,,,,,,BOWLING,,,,10,,
1367,1,40.4404,-79.999,,,,,,,BEACH,,,,10,,
1368,1,40.4404,-79.999,,,,,,,FURNITURE,,,,10,,
1369,1,40.4404,-79.999,,,,,,,AIRPORT,,,,10,,
1370,1,40.4404,-79.999,,,,,,,SMART&FINAL,,,,10,,
1371,1,40.4404,-79.999,,,,,,,Sherwin-Williams,,,,10,,
1372,1,40.4404,-79.999,,,,,,,,,,,10,,
1373,1,40.4404,-79.999,,,,,,,restaurant,,,,10,,
1374,1,40.4404,-79.999,,,,,,,bars,,,,10,,
1375,1,40.4404,-79.999,,,,,,,lodging,,,,10,,
1376,1,40.4404,-79.999,,,,,,,shopping,,,,10,,
1377,1,40.4404,-79.999,,,,,,,entertainment,,,,10,,
1378,1,40.4404,-79.999,,,,,,,banks,,,,10,,
1379,1,40.4404,-79.999,,,,,,,atm,,,,10,,
1380,1,40.4404,-79.999,,,,,,,public offices & services,,,,10,,
1381,1,40.4404,-79.999,,,,,,,travel,,,,10,,
1382,1,40.4404,-79.999,,,,,,,travel & tourism,,,,10,,
1383,1,40.4404,-79.999,,,,,,,personal services,,,,10,,
1384,1,40.4404,-79.999,,,,,,,automotive,,,,10,,
1385,1,40.4404,-79.999,,,,,,,emergency & health care,,,,10,,
1386,1,40.4404,-79.999,,,,,,,stater bros,,,,10,,
1387,1,40.4404,-79.999,,,,,,,starbuck,,,,10,,
1388,1,40.4404,-79.999,,,,,,,star buck,,,,10,,
1389,1,40.4404,-79.999,,,,,,,antiques,,,,10,,
1390,1,40.4404,-79.999,,,,,,,liquor stores,,,,10,,
1391,1,40.4404,-79.999,,,,,,,cigar,,,,10,,
1392,1,40.4404,-79.999,,,,,,,cigarette,,,,10,,
1393,1,40.4404,-79.999,,,,,,,tobacco,,,,10,,
1394,1,40.4404,-79.999,,,,,,,dealers,,,,10,,
1395,1,40.4404,-79.999,,,,,,,hardware,,,,10,,
1396,1,40.4404,-79.999,,,,,,,tools,,,,10,,
1397,1,40.4404,-79.999,,,,,,,jewelry,,,,10,,
1398,1,40.4404,-79.999,,,,,,,stationery,,,,10,,
1399,1,40.4404,-79.999,,,,,,,gas station,,,,10,,
1400,1,40.4404,-79.999,,,,,,,gas station,,,,10,,
1401,1,40.4404,-79.999,,,,,,,gas prices,,,,10,,
1402,1,40.4404,-79.999,,,,,,,gas stations/prices,,,,10,,
1403,1,40.4404,-79.999,,,,,,,verizon wireless store,,,,10,,
1404,1,42.3693,-71.1056,,,,,,,pizza,,,,10,,
1405,1,42.3693,-71.1056,,,,,,,Sheraton,,,,10,,
1406,1,42.3693,-71.1056,,,,,,,ristorante,,,,10,,
1407,1,42.3693,-71.1056,,,,,,,hotel,,,,10,,
1408,1,42.3693,-71.1056,,,,,,,bar,,,,10,,
1409,1,42.3693,-71.1056,,,,,,,pizzeria,,,,10,,
1410,1,42.3693,-71.1056,,,,,,,mexi,,,,10,,
1411,1,42.3693,-71.1056,,,,,,,banco,,,,10,,
1412,1,42.3693,-71.1056,,,,,,,Pizza,,,,10,,
1413,1,42.3693,-71.1056,,,,,,,Starbucks,,,,10,,
1414,1,42.3693,-71.1056,,,,,,,sheraton,,,,10,,
1415,1,42.3693,-71.1056,,,,,,,cinema,,,,10,,
1416,1,42.3693,-71.1056,,,,,,,Sheraton,,,,10,,
1417,1,42.3693,-71.1056,,,,,,,piazza,,,,10,,
1418,1,42.3693,-71.1056,,,,,,,mexican,,,,10,,
1419,1,42.3693,-71.1056,,,,,,,Banco,,,,10,,
1420,1,42.3693,-71.1056,,,,,,,PIZZA,,,,10,,
1421,1,42.3693,-71.1056,,,,,,,PIZZA HUT,,,,10,,
1422,1,42.3693,-71.1056,,,,,,,SUBWAY,,,,10,,
1423,1,42.3693,-71.1056,,,,,,,MCDONALDS,,,,10,,
1424,1,42.3693,-71.1056,,,,,,,MCDONALD'S,,,,10,,
1425,1,42.3693,-71.1056,,,,,,,POST OFFICE,,,,10,,
1426,1,42.3693,-71.1056,,,,,,,BURGER KING,,,,10,,
1427,1,42.3693,-71.1056,,,,,,,GOLF,,,,10,,
1428,1,42.3693,-71.1056,,,,,,,GAS,,,,10,,
1429,1,42.3693,-71.1056,,,,,,,MASSAGE,,,,10,,
1430,1,42.3693,-71.1056,,,,,,,GAMESTOP,,,,10,,
1431,1,42.3693,-71.1056,,,,,,,TOYS R US,,,,10,,
1432,1,42.3693,-71.1056,,,,,,,LIQUOR,,,,10,,
1433,1,42.3693,-71.1056,,,,,,,PET,,,,10,,
1434,1,42.3693,-71.1056,,,,,,,TATTOO,,,,10,,
1435,1,42.3693,-71.1056,,,,,,,RESTAURANT,,,,10,,
1436,1,42.3693,-71.1056,,,,,,,RESTAURANTS,,,,10,,
1437,1,42.3693,-71.1056,,,,,,,LIBRARY,,,,10,,
1438,1,42.3693,-71.1056,,,,,,,HOTEL,,,,10,,
1439,1,42.3693,-71.1056,,,,,,,FOOD,,,,10,,
1440,1,42.3693,-71.1056,,,,,,,ICE CREAM,,,,10,,
1441,1,42.3693,-71.1056,,,,,,,CAR WASH,,,,10,,
1442,1,42.3693,-71.1056,,,,,,,BOWLING,,,,10,,
1443,1,42.3693,-71.1056,,,,,,,BEACH,,,,10,,
1444,1,42.3693,-71.1056,,,,,,,FURNITURE,,,,10,,
1445,1,42.3693,-71.1056,,,,,,,AIRPORT,,,,10,,
1446,1,42.3693,-71.1056,,,,,,,SMART&FINAL,,,,10,,
1447,1,42.3693,-71.1056,,,,,,,Sherwin-Williams,,,,10,,
1448,1,42.3693,-71.1056,,,,,,,,,,,10,,
1449,1,42.3693,-71.1056,,,,,,,restaurant,,,,10,,
1450,1,42.3693,-71.1056,,,,,,,bars,,,,10,,
1451,1,42.3693,-71.1056,,,,,,,lodging,,,,10,,
1452,1,42.3693,-71.1056,,,,,,,shopping,,,,10,,
1453,1,42.3693,-71.1056,,,,,,,entertainment,,,,10,,
1454,1,42.3693,-71.1056,,,,,,,banks,,,,10,,
1455,1,42.3693,-71.1056,,,,,,,atm,,,,10,,
1456,1,42.3693,-71.1056,,,,,,,public offices & services,,,,10,,
1457,1,42.3693,-71.1056,,,,,,,travel,,,,10,,
1458,1,42.3693,-71.1056,,,,,,,travel & tourism,,,,10,,
1459,1,42.3693,-71.1056,,,,,,,personal services,,,,10,,
1460,1,42.3693,-71.1056,,,,,,,automotive,,,,10,,
1461,1,42.3693,-71.1056,,,,,,,emergency & health care,,,,10,,
1462,1,42.3693,-71.1056,,,,,,,stater bros,,,,10,,
1463,1,42.3693,-71.1056,,,,,,,starbuck,,,,10,,
1464,1,42.3693,-71.1056,,,,,,,star buck,,,,10,,
1465,1,42.3693,-71.1056,,,,,,,antiques,,,,10,,
1466,1,42.3693,-71.1056,,,,,,,liquor stores,,,,10,,
1467,1,42.3693,-71.1056,,,,,,,cigar,,,,10,,
1468,1,42.3693,-71.1056,,,,,,,cigarette,,,,10,,
1469,1,42.3693,-71.1056,,,,,,,tobacco,,,,10,,
1470,1,42.3693,-71.1056,,,,,,,dealers,,,,10,,
1471,1,42.3693,-71.1056,,,,,,,hardware,,,,10,,
1472,1,42.3693,-71.1056,,,,,,,tools,,,,10,,
1473,1,42.3693,-71.1056,,,,,,,houseware,,,,10,,
1474,1,42.3693,-71.1056,,,,,,,jewelry,,,,10,,
1475,1,42.3693,-71.1056,,,,,,,stationery,,,,10,,
1476,1,42.3693,-71.1056,,,,,,,gas station,,,,10,,
1477,1,42.3693,-71.1056,,,,,,,gas station,,,,10,,
1478,1,42.3693,-71.1056,,,,,,,gas prices,,,,10,,
1479,1,42.3693,-71.1056,,,,,,,gas stations/prices,,,,10,,
1480,1,42.3693,-71.1056,,,,,,,verizon wireless store,,,,10,,
1481,1,38.9183,-77.0468,,,,,,,pizza,,,,10,,
1482,1,38.9183,-77.0468,,,,,,,Sheraton,,,,10,,
1483,1,38.9183,-77.0468,,,,,,,ristorante,,,,10,,
1484,1,38.9183,-77.0468,,,,,,,hotel,,,,10,,
1485,1,38.9183,-77.0468,,,,,,,bar,,,,10,,
1486,1,38.9183,-77.0468,,,,,,,pizzeria,,,,10,,
1487,1,38.9183,-77.0468,,,,,,,mexi,,,,10,,
1488,1,38.9183,-77.0468,,,,,,,banco,,,,10,,
1489,1,38.9183,-77.0468,,,,,,,Pizza,,,,10,,
1490,1,38.9183,-77.0468,,,,,,,Starbucks,,,,10,,
1491,1,38.9183,-77.0468,,,,,,,sheraton,,,,10,,
1492,1,38.9183,-77.0468,,,,,,,cinema,,,,10,,
1493,1,38.9183,-77.0468,,,,,,,Sheraton,,,,10,,
1494,1,38.9183,-77.0468,,,,,,,piazza,,,,10,,
1495,1,38.9183,-77.0468,,,,,,,mexican,,,,10,,
1496,1,38.9183,-77.0468,,,,,,,Banco,,,,10,,
1497,1,38.9183,-77.0468,,,,,,,PIZZA,,,,10,,
1498,1,38.9183,-77.0468,,,,,,,PIZZA HUT,,,,10,,
1499,1,38.9183,-77.0468,,,,,,,SUBWAY,,,,10,,
1500,1,38.9183,-77.0468,,,,,,,MCDONALDS,,,,10,,
1501,1,38.9183,-77.0468,,,,,,,MCDONALD'S,,,,10,,
1502,1,38.9183,-77.0468,,,,,,,POST OFFICE,,,,10,,
1503,1,38.9183,-77.0468,,,,,,,BURGER KING,,,,10,,
1504,1,38.9183,-77.0468,,,,,,,GOLF,,,,10,,
1505,1,38.9183,-77.0468,,,,,,,GAS,,,,10,,
1506,1,38.9183,-77.0468,,,,,,,MASSAGE,,,,10,,
1507,1,38.9183,-77.0468,,,,,,,GAMESTOP,,,,10,,
1508,1,38.9183,-77.0468,,,,,,,IKEA,,,,10,,
1509,1,38.9183,-77.0468,,,,,,,TOYS R US,,,,10,,
1510,1,38.9183,-77.0468,,,,,,,LIQUOR,,,,10,,
1511,1,38.9183,-77.0468,,,,,,,PET,,,,10,,
1512,1,38.9183,-77.0468,,,,,,,TATTOO,,,,10,,
1513,1,38.9183,-77.0468,,,,,,,RESTAURANT,,,,10,,
1514,1,38.9183,-77.0468,,,,,,,RESTAURANTS,,,,10,,
1515,1,38.9183,-77.0468,,,,,,,LIBRARY,,,,10,,
1516,1,38.9183,-77.0468,,,,,,,HOTEL,,,,10,,
1517,1,38.9183,-77.0468,,,,,,,FOOD,,,,10,,
1518,1,38.9183,-77.0468,,,,,,,ICE CREAM,,,,10,,
1519,1,38.9183,-77.0468,,,,,,,CAR WASH,,,,10,,
1520,1,38.9183,-77.0468,,,,,,,BOWLING,,,,10,,
1521,1,38.9183,-77.0468,,,,,,,BEACH,,,,10,,
1522,1,38.9183,-77.0468,,,,,,,FURNITURE,,,,10,,
1523,1,38.9183,-77.0468,,,,,,,AIRPORT,,,,10,,
1524,1,38.9183,-77.0468,,,,,,,SMART&FINAL,,,,10,,
1525,1,38.9183,-77.0468,,,,,,,Sherwin-Williams,,,,10,,
1526,1,38.9183,-77.0468,,,,,,,,,,,10,,
1527,1,38.9183,-77.0468,,,,,,,restaurant,,,,10,,
1528,1,38.9183,-77.0468,,,,,,,bars,,,,10,,
1529,1,38.9183,-77.0468,,,,,,,lodging,,,,10,,
1530,1,38.9183,-77.0468,,,,,,,shopping,,,,10,,
1531,1,38.9183,-77.0468,,,,,,,entertainment,,,,10,,
1532,1,38.9183,-77.0468,,,,,,,banks,,,,10,,
1533,1,38.9183,-77.0468,,,,,,,atm,,,,10,,
1534,1,38.9183,-77.0468,,,,,,,public offices & services,,,,10,,
1535,1,38.9183,-77.0468,,,,,,,travel,,,,10,,
1536,1,38.9183,-77.0468,,,,,,,travel & tourism,,,,10,,
1537,1,38.9183,-77.0468,,,,,,,personal services,,,,10,,
1538,1,38.9183,-77.0468,,,,,,,automotive,,,,10,,
1539,1,38.9183,-77.0468,,,,,,,emergency & health care,,,,10,,
1540,1,38.9183,-77.0468,,,,,,,stater bros,,,,10,,
1541,1,38.9183,-77.0468,,,,,,,starbuck,,,,10,,
1542,1,38.9183,-77.0468,,,,,,,star buck,,,,10,,
1543,1,38.9183,-77.0468,,,,,,,antiques,,,,10,,
1544,1,38.9183,-77.0468,,,,,,,liquor stores,,,,10,,
1545,1,38.9183,-77.0468,,,,,,,cigar,,,,10,,
1546,1,38.9183,-77.0468,,,,,,,cigarette,,,,10,,
1547,1,38.9183,-77.0468,,,,,,,tobacco,,,,10,,
1548,1,38.9183,-77.0468,,,,,,,dealers,,,,10,,
1549,1,38.9183,-77.0468,,,,,,,hardware,,,,10,,
1550,1,38.9183,-77.0468,,,,,,,tools,,,,10,,
1551,1,38.9183,-77.0468,,,,,,,houseware,,,,10,,
1552,1,38.9183,-77.0468,,,,,,,jewelry,,,,10,,
1553,1,38.9183,-77.0468,,,,,,,stationery,,,,10,,
1554,1,38.9183,-77.0468,,,,,,,gas station,,,,10,,
1555,1,38.9183,-77.0468,,,,,,,gas station,,,,10,,
1556,1,38.9183,-77.0468,,,,,,,gas prices,,,,10,,
1557,1,38.9183,-77.0468,,,,,,,gas stations/prices,,,,10,,
1558,1,38.9183,-77.0468,,,,,,,verizon wireless store,,,,10,,
1559,1,28.5647,-81.3926,,,,,,,pizza,,,,10,,
1560,1,28.5647,-81.3926,,,,,,,Sheraton,,,,10,,
1561,1,28.5647,-81.3926,,,,,,,ristorante,,,,10,,
1562,1,28.5647,-81.3926,,,,,,,hotel,,,,10,,
1563,1,28.5647,-81.3926,,,,,,,bar,,,,10,,
1564,1,28.5647,-81.3926,,,,,,,pizzeria,,,,10,,
1565,1,28.5647,-81.3926,,,,,,,mexi,,,,10,,
1566,1,28.5647,-81.3926,,,,,,,banco,,,,10,,
1567,1,28.5647,-81.3926,,,,,,,Pizza,,,,10,,
1568,1,28.5647,-81.3926,,,,,,,Starbucks,,,,10,,
1569,1,28.5647,-81.3926,,,,,,,sheraton,,,,10,,
1570,1,28.5647,-81.3926,,,,,,,cinema,,,,10,,
1571,1,28.5647,-81.3926,,,,,,,Sheraton,,,,10,,
1572,1,28.5647,-81.3926,,,,,,,piazza,,,,10,,
1573,1,28.5647,-81.3926,,,,,,,mexican,,,,10,,
1574,1,28.5647,-81.3926,,,,,,,Banco,,,,10,,
1575,1,28.5647,-81.3926,,,,,,,PIZZA,,,,10,,
1576,1,28.5647,-81.3926,,,,,,,PIZZA HUT,,,,10,,
1577,1,28.5647,-81.3926,,,,,,,SUBWAY,,,,10,,
1578,1,28.5647,-81.3926,,,,,,,MCDONALDS,,,,10,,
1579,1,28.5647,-81.3926,,,,,,,MCDONALD'S,,,,10,,
1580,1,28.5647,-81.3926,,,,,,,POST OFFICE,,,,10,,
1581,1,28.5647,-81.3926,,,,,,,BURGER KING,,,,10,,
1582,1,28.5647,-81.3926,,,,,,,GOLF,,,,10,,
1583,1,28.5647,-81.3926,,,,,,,GAS,,,,10,,
1584,1,28.5647,-81.3926,,,,,,,MASSAGE,,,,10,,
1585,1,28.5647,-81.3926,,,,,,,GAMESTOP,,,,10,,
1586,1,28.5647,-81.3926,,,,,,,IKEA,,,,10,,
1587,1,28.5647,-81.3926,,,,,,,TOYS R US,,,,10,,
1588,1,28.5647,-81.3926,,,,,,,LIQUOR,,,,10,,
1589,1,28.5647,-81.3926,,,,,,,PET,,,,10,,
1590,1,28.5647,-81.3926,,,,,,,TATTOO,,,,10,,
1591,1,28.5647,-81.3926,,,,,,,RESTAURANT,,,,10,,
1592,1,28.5647,-81.3926,,,,,,,RESTAURANTS,,,,10,,
1593,1,28.5647,-81.3926,,,,,,,LIBRARY,,,,10,,
1594,1,28.5647,-81.3926,,,,,,,HOTEL,,,,10,,
1595,1,28.5647,-81.3926,,,,,,,FOOD,,,,10,,
1596,1,28.5647,-81.3926,,,,,,,ICE CREAM,,,,10,,
1597,1,28.5647,-81.3926,,,,,,,CAR WASH,,,,10,,
1598,1,28.5647,-81.3926,,,,,,,BOWLING,,,,10,,
1599,1,28.5647,-81.3926,,,,,,,BEACH,,,,10,,
1600,1,28.5647,-81.3926,,,,,,,FURNITURE,,,,10,,
1601,1,28.5647,-81.3926,,,,,,,AIRPORT,,,,10,,
1602,1,28.5647,-81.3926,,,,,,,SMART&FINAL,,,,10,,
1603,1,28.5647,-81.3926,,,,,,,Sherwin-Williams,,,,10,,
1604,1,28.5647,-81.3926,,,,,,,,,,,10,,
1605,1,28.5647,-81.3926,,,,,,,restaurant,,,,10,,
1606,1,28.5647,-81.3926,,,,,,,bars,,,,10,,
1607,1,28.5647,-81.3926,,,,,,,lodging,,,,10,,
1608,1,28.5647,-81.3926,,,,,,,shopping,,,,10,,
1609,1,28.5647,-81.3926,,,,,,,entertainment,,,,10,,
1610,1,28.5647,-81.3926,,,,,,,banks,,,,10,,
1611,1,28.5647,-81.3926,,,,,,,atm,,,,10,,
1612,1,28.5647,-81.3926,,,,,,,public offices & services,,,,10,,
1613,1,28.5647,-81.3926,,,,,,,travel,,,,10,,
1614,1,28.5647,-81.3926,,,,,,,travel & tourism,,,,10,,
1615,1,28.5647,-81.3926,,,,,,,personal services,,,,10,,
1616,1,28.5647,-81.3926,,,,,,,automotive,,,,10,,
1617,1,28.5647,-81.3926,,,,,,,emergency & health care,,,,10,,
1618,1,28.5647,-81.3926,,,,,,,stater bros,,,,10,,
1619,1,28.5647,-81.3926,,,,,,,starbuck,,,,10,,
1620,1,28.5647,-81.3926,,,,,,,star buck,,,,10,,
1621,1,28.5647,-81.3926,,,,,,,antiques,,,,10,,
1622,1,28.5647,-81.3926,,,,,,,liquor stores,,,,10,,
1623,1,28.5647,-81.3926,,,,,,,cigar,,,,10,,
1624,1,28.5647,-81.3926,,,,,,,cigarette,,,,10,,
1625,1,28.5647,-81.3926,,,,,,,tobacco,,,,10,,
1626,1,28.5647,-81.3926,,,,,,,dealers,,,,10,,
1627,1,28.5647,-81.3926,,,,,,,hardware,,,,10,,
1628,1,28.5647,-81.3926,,,,,,,tools,,,,10,,
1629,1,28.5647,-81.3926,,,,,,,houseware,,,,10,,
1630,1,28.5647,-81.3926,,,,,,,jewelry,,,,10,,
1631,1,28.5647,-81.3926,,,,,,,stationery,,,,10,,
1632,1,28.5647,-81.3926,,,,,,,gas station,,,,10,,
1633,1,28.5647,-81.3926,,,,,,,gas station,,,,10,,
1634,1,28.5647,-81.3926,,,,,,,gas prices,,,,10,,
1635,1,28.5647,-81.3926,,,,,,,gas stations/prices,,,,10,,
1636,1,28.5647,-81.3926,,,,,,,verizon wireless store,,,,10,,
1637,1,21.329,-157.8584,,,,,,,pizza,,,,10,,
1638,1,21.329,-157.8584,,,,,,,Sheraton,,,,10,,
1639,1,21.329,-157.8584,,,,,,,ristorante,,,,10,,
1640,1,21.329,-157.8584,,,,,,,hotel,,,,10,,
1641,1,21.329,-157.8584,,,,,,,bar,,,,10,,
1642,1,21.329,-157.8584,,,,,,,pizzeria,,,,10,,
1643,1,21.329,-157.8584,,,,,,,mexi,,,,10,,
1644,1,21.329,-157.8584,,,,,,,banco,,,,10,,
1645,1,21.329,-157.8584,,,,,,,Pizza,,,,10,,
1646,1,21.329,-157.8584,,,,,,,Starbucks,,,,10,,
1647,1,21.329,-157.8584,,,,,,,sheraton,,,,10,,
1648,1,21.329,-157.8584,,,,,,,cinema,,,,10,,
1649,1,21.329,-157.8584,,,,,,,Sheraton,,,,10,,
1650,1,21.329,-157.8584,,,,,,,piazza,,,,10,,
1651,1,21.329,-157.8584,,,,,,,mexican,,,,10,,
1652,1,21.329,-157.8584,,,,,,,Banco,,,,10,,
1653,1,21.329,-157.8584,,,,,,,PIZZA,,,,10,,
1654,1,21.329,-157.8584,,,,,,,PIZZA HUT,,,,10,,
1655,1,21.329,-157.8584,,,,,,,SUBWAY,,,,10,,
1656,1,21.329,-157.8584,,,,,,,MCDONALDS,,,,10,,
1657,1,21.329,-157.8584,,,,,,,MCDONALD'S,,,,10,,
1658,1,21.329,-157.8584,,,,,,,POST OFFICE,,,,10,,
1659,1,21.329,-157.8584,,,,,,,BURGER KING,,,,10,,
1660,1,21.329,-157.8584,,,,,,,GOLF,,,,10,,
1661,1,21.329,-157.8584,,,,,,,GAS,,,,10,,
1662,1,21.329,-157.8584,,,,,,,MASSAGE,,,,10,,
1663,1,21.329,-157.8584,,,,,,,GAMESTOP,,,,10,,
1664,1,21.329,-157.8584,,,,,,,TOYS R US,,,,10,,
1665,1,21.329,-157.8584,,,,,,,LIQUOR,,,,10,,
1666,1,21.329,-157.8584,,,,,,,PET,,,,10,,
1667,1,21.329,-157.8584,,,,,,,TATTOO,,,,10,,
1668,1,21.329,-157.8584,,,,,,,RESTAURANT,,,,10,,
1669,1,21.329,-157.8584,,,,,,,RESTAURANTS,,,,10,,
1670,1,21.329,-157.8584,,,,,,,LIBRARY,,,,10,,
1671,1,21.329,-157.8584,,,,,,,HOTEL,,,,10,,
1672,1,21.329,-157.8584,,,,,,,FOOD,,,,10,,
1673,1,21.329,-157.8584,,,,,,,ICE CREAM,,,,10,,
1674,1,21.329,-157.8584,,,,,,,CAR WASH,,,,10,,
1675,1,21.329,-157.8584,,,,,,,BOWLING,,,,10,,
1676,1,21.329,-157.8584,,,,,,,BEACH,,,,10,,
1677,1,21.329,-157.8584,,,,,,,FURNITURE,,,,10,,
1678,1,21.329,-157.8584,,,,,,,AIRPORT,,,,10,,
1679,1,21.329,-157.8584,,,,,,,SMART&FINAL,,,,10,,
1680,1,21.329,-157.8584,,,,,,,Sherwin-Williams,,,,10,,
1681,1,21.329,-157.8584,,,,,,,,,,,10,,
1682,1,21.329,-157.8584,,,,,,,restaurant,,,,10,,
1683,1,21.329,-157.8584,,,,,,,bars,,,,10,,
1684,1,21.329,-157.8584,,,,,,,lodging,,,,10,,
1685,1,21.329,-157.8584,,,,,,,shopping,,,,10,,
1686,1,21.329,-157.8584,,,,,,,entertainment,,,,10,,
1687,1,21.329,-157.8584,,,,,,,banks,,,,10,,
1688,1,21.329,-157.8584,,,,,,,atm,,,,10,,
1689,1,21.329,-157.8584,,,,,,,public offices & services,,,,10,,
1690,1,21.329,-157.8584,,,,,,,travel,,,,10,,
1691,1,21.329,-157.8584,,,,,,,travel & tourism,,,,10,,
1692,1,21.329,-157.8584,,,,,,,personal services,,,,10,,
1693,1,21.329,-157.8584,,,,,,,automotive,,,,10,,
1694,1,21.329,-157.8584,,,,,,,emergency & health care,,,,10,,
1695,1,21.329,-157.8584,,,,,,,stater bros,,,,10,,
1696,1,21.329,-157.8584,,,,,,,starbuck,,,,10,,
1697,1,21.329,-157.8584,,,,,,,star buck,,,,10,,
1698,1,21.329,-157.8584,,,,,,,antiques,,,,10,,
1699,1,21.329,-157.8584,,,,,,,liquor stores,,,,10,,
1700,1,21.329,-157.8584,,,,,,,cigar,,,,10,,
1701,1,21.329,-157.8584,,,,,,,cigarette,,,,10,,
1702,1,21.329,-157.8584,,,,,,,tobacco,,,,10,,
1703,1,21.329,-157.8584,,,,,,,dealers,,,,10,,
1704,1,21.329,-157.8584,,,,,,,hardware,,,,10,,
1705,1,21.329,-157.8584,,,,,,,tools,,,,10,,
1706,1,21.329,-157.8584,,,,,,,houseware,,,,10,,
1707,1,21.329,-157.8584,,,,,,,jewelry,,,,10,,
1708,1,21.329,-157.8584,,,,,,,stationery,,,,10,,
1709,1,21.329,-157.8584,,,,,,,gas station,,,,10,,
1710,1,21.329,-157.8584,,,,,,,gas station,,,,10,,
1711,1,21.329,-157.8584,,,,,,,gas prices,,,,10,,
1712,1,21.329,-157.8584,,,,,,,gas stations/prices,,,,10,,
1713,1,21.329,-157.8584,,,,,,,verizon wireless store,,,,10,,
1714,1,40.7249,-73.9984,,,,,,,pizza,,,,10,,
1715,1,40.7249,-73.9984,,,,,,,Sheraton,,,,10,,
1716,1,40.7249,-73.9984,,,,,,,ristorante,,,,10,,
1717,1,40.7249,-73.9984,,,,,,,hotel,,,,10,,
1718,1,40.7249,-73.9984,,,,,,,bar,,,,10,,
1719,1,40.7249,-73.9984,,,,,,,pizzeria,,,,10,,
1720,1,40.7249,-73.9984,,,,,,,mexi,,,,10,,
1721,1,40.7249,-73.9984,,,,,,,banco,,,,10,,
1722,1,40.7249,-73.9984,,,,,,,farmacia,,,,10,,
1723,1,40.7249,-73.9984,,,,,,,Pizza,,,,10,,
1724,1,40.7249,-73.9984,,,,,,,Starbucks,,,,10,,
1725,1,40.7249,-73.9984,,,,,,,sheraton,,,,10,,
1726,1,40.7249,-73.9984,,,,,,,cinema,,,,10,,
1727,1,40.7249,-73.9984,,,,,,,Sheraton,,,,10,,
1728,1,40.7249,-73.9984,,,,,,,piazza,,,,10,,
1729,1,40.7249,-73.9984,,,,,,,mexican,,,,10,,
1730,1,40.7249,-73.9984,,,,,,,Banco,,,,10,,
1731,1,40.7249,-73.9984,,,,,,,PIZZA,,,,10,,
1732,1,40.7249,-73.9984,,,,,,,PIZZA HUT,,,,10,,
1733,1,40.7249,-73.9984,,,,,,,SUBWAY,,,,10,,
1734,1,40.7249,-73.9984,,,,,,,MCDONALDS,,,,10,,
1735,1,40.7249,-73.9984,,,,,,,MCDONALD'S,,,,10,,
1736,1,40.7249,-73.9984,,,,,,,POST OFFICE,,,,10,,
1737,1,40.7249,-73.9984,,,,,,,BURGER KING,,,,10,,
1738,1,40.7249,-73.9984,,,,,,,GOLF,,,,10,,
1739,1,40.7249,-73.9984,,,,,,,GAS,,,,10,,
1740,1,40.7249,-73.9984,,,,,,,MASSAGE,,,,10,,
1741,1,40.7249,-73.9984,,,,,,,GAMESTOP,,,,10,,
1742,1,40.7249,-73.9984,,,,,,,IKEA,,,,10,,
1743,1,40.7249,-73.9984,,,,,,,TOYS R US,,,,10,,
1744,1,40.7249,-73.9984,,,,,,,LIQUOR,,,,10,,
1745,1,40.7249,-73.9984,,,,,,,PET,,,,10,,
1746,1,40.7249,-73.9984,,,,,,,TATTOO,,,,10,,
1747,1,40.7249,-73.9984,,,,,,,RESTAURANT,,,,10,,
1748,1,40.7249,-73.9984,,,,,,,RESTAURANTS,,,,10,,
1749,1,40.7249,-73.9984,,,,,,,LIBRARY,,,,10,,
1750,1,40.7249,-73.9984,,,,,,,HOTEL,,,,10,,
1751,1,40.7249,-73.9984,,,,,,,FOOD,,,,10,,
1752,1,40.7249,-73.9984,,,,,,,ICE CREAM,,,,10,,
1753,1,40.7249,-73.9984,,,,,,,CAR WASH,,,,10,,
1754,1,40.7249,-73.9984,,,,,,,BOWLING,,,,10,,
1755,1,40.7249,-73.9984,,,,,,,BEACH,,,,10,,
1756,1,40.7249,-73.9984,,,,,,,FURNITURE,,,,10,,
1757,1,40.7249,-73.9984,,,,,,,AIRPORT,,,,10,,
1758,1,40.7249,-73.9984,,,,,,,Verizon Wireless Stores,,,,10,,
1759,1,40.7249,-73.9984,,,,,,,Tiendas de Verizon Wireless,,,,10,,
1760,1,40.7249,-73.9984,,,,,,,Tiendas Verizon Wireless,,,,10,,
1761,1,40.7249,-73.9984,,,,,,,Verizon Wireless Store,,,,10,,
1762,1,40.7249,-73.9984,,,,,,,Tienda de Verizon Wireless,,,,10,,
1763,1,40.7249,-73.9984,,,,,,,Tienda Verizon Wireless,,,,10,,
1764,1,40.7249,-73.9984,,,,,,,Verizon Stores,,,,10,,
1765,1,40.7249,-73.9984,,,,,,,Tiendas de Verizon,,,,10,,
1766,1,40.7249,-73.9984,,,,,,,Tiendas Verizon,,,,10,,
1767,1,40.7249,-73.9984,,,,,,,Verizon Store,,,,10,,
1768,1,40.7249,-73.9984,,,,,,,Tienda de Verizon,,,,10,,
1769,1,40.7249,-73.9984,,,,,,,Tienda Verizon,,,,10,,
1770,1,40.7249,-73.9984,,,,,,,Verizon Wireless,,,,10,,
1771,1,40.7249,-73.9984,,,,,,,Verizon,,,,10,,
1772,1,40.7249,-73.9984,,,,,,,VZW,,,,10,,
1773,1,61.1618,-149.8474,,,,,,,pizza,,,,10,,
1774,1,61.1618,-149.8474,,,,,,,Sheraton,,,,10,,
1775,1,61.1618,-149.8474,,,,,,,hotel,,,,10,,
1776,1,61.1618,-149.8474,,,,,,,bar,,,,10,,
1777,1,61.1618,-149.8474,,,,,,,pizzeria,,,,10,,
1778,1,61.1618,-149.8474,,,,,,,mexi,,,,10,,
1779,1,61.1618,-149.8474,,,,,,,Pizza,,,,10,,
1780,1,61.1618,-149.8474,,,,,,,Starbucks,,,,10,,
1781,1,61.1618,-149.8474,,,,,,,sheraton,,,,10,,
1782,1,61.1618,-149.8474,,,,,,,cinema,,,,10,,
1783,1,61.1618,-149.8474,,,,,,,Sheraton,,,,10,,
1784,1,61.1618,-149.8474,,,,,,,piazza,,,,10,,
1785,1,61.1618,-149.8474,,,,,,,mexican,,,,10,,
1786,1,61.1618,-149.8474,,,,,,,PIZZA,,,,10,,
1787,1,61.1618,-149.8474,,,,,,,PIZZA HUT,,,,10,,
1788,1,61.1618,-149.8474,,,,,,,SUBWAY,,,,10,,
1789,1,61.1618,-149.8474,,,,,,,MCDONALDS,,,,10,,
1790,1,61.1618,-149.8474,,,,,,,MCDONALD'S,,,,10,,
1791,1,61.1618,-149.8474,,,,,,,POST OFFICE,,,,10,,
1792,1,61.1618,-149.8474,,,,,,,BURGER KING,,,,10,,
1793,1,61.1618,-149.8474,,,,,,,GOLF,,,,10,,
1794,1,61.1618,-149.8474,,,,,,,GAS,,,,10,,
1795,1,61.1618,-149.8474,,,,,,,MASSAGE,,,,10,,
1796,1,61.1618,-149.8474,,,,,,,GAMESTOP,,,,10,,
1797,1,61.1618,-149.8474,,,,,,,TOYS R US,,,,10,,
1798,1,61.1618,-149.8474,,,,,,,LIQUOR,,,,10,,
1799,1,61.1618,-149.8474,,,,,,,PET,,,,10,,
1800,1,61.1618,-149.8474,,,,,,,TATTOO,,,,10,,
1801,1,61.1618,-149.8474,,,,,,,RESTAURANT,,,,10,,
1802,1,61.1618,-149.8474,,,,,,,RESTAURANTS,,,,10,,
1803,1,61.1618,-149.8474,,,,,,,LIBRARY,,,,10,,
1804,1,61.1618,-149.8474,,,,,,,HOTEL,,,,10,,
1805,1,61.1618,-149.8474,,,,,,,FOOD,,,,10,,
1806,1,61.1618,-149.8474,,,,,,,ICE CREAM,,,,10,,
1807,1,61.1618,-149.8474,,,,,,,CAR WASH,,,,10,,
1808,1,61.1618,-149.8474,,,,,,,BOWLING,,,,10,,
1809,1,61.1618,-149.8474,,,,,,,BEACH,,,,10,,
1810,1,61.1618,-149.8474,,,,,,,FURNITURE,,,,10,,
1811,1,61.1618,-149.8474,,,,,,,AIRPORT,,,,10,,
1812,1,61.1618,-149.8474,,,,,,,Tiendas de Verizon Wireless,,,,10,,
1813,1,61.1618,-149.8474,,,,,,,Tiendas Verizon Wireless,,,,10,,
1814,1,61.1618,-149.8474,,,,,,,Tienda de Verizon Wireless,,,,10,,
1815,1,61.1618,-149.8474,,,,,,,Tienda Verizon Wireless,,,,10,,
1816,1,61.1618,-149.8474,,,,,,,Tiendas de Verizon,,,,10,,
1817,1,61.1618,-149.8474,,,,,,,Tiendas Verizon,,,,10,,
1818,1,61.1618,-149.8474,,,,,,,Tienda de Verizon,,,,10,,
1819,1,61.1618,-149.8474,,,,,,,Tienda Verizon,,,,10,,
1820,1,32.7138,-117.1542,,,,,,,pizza,,,,10,,
1821,1,32.7138,-117.1542,,,,,,,Sheraton,,,,10,,
1822,1,32.7138,-117.1542,,,,,,,ristorante,,,,10,,
1823,1,32.7138,-117.1542,,,,,,,hotel,,,,10,,
1824,1,32.7138,-117.1542,,,,,,,bar,,,,10,,
1825,1,32.7138,-117.1542,,,,,,,pizzeria,,,,10,,
1826,1,32.7138,-117.1542,,,,,,,mexi,,,,10,,
1827,1,32.7138,-117.1542,,,,,,,banco,,,,10,,
1828,1,32.7138,-117.1542,,,,,,,farmacia,,,,10,,
1829,1,32.7138,-117.1542,,,,,,,Pizza,,,,10,,
1830,1,32.7138,-117.1542,,,,,,,Starbucks,,,,10,,
1831,1,32.7138,-117.1542,,,,,,,sheraton,,,,10,,
1832,1,32.7138,-117.1542,,,,,,,cinema,,,,10,,
1833,1,32.7138,-117.1542,,,,,,,Sheraton,,,,10,,
1834,1,32.7138,-117.1542,,,,,,,piazza,,,,10,,
1835,1,32.7138,-117.1542,,,,,,,mexican,,,,10,,
1836,1,32.7138,-117.1542,,,,,,,Banco,,,,10,,
1837,1,32.7138,-117.1542,,,,,,,PIZZA,,,,10,,
1838,1,32.7138,-117.1542,,,,,,,PIZZA HUT,,,,10,,
1839,1,32.7138,-117.1542,,,,,,,SUBWAY,,,,10,,
1840,1,32.7138,-117.1542,,,,,,,MCDONALDS,,,,10,,
1841,1,32.7138,-117.1542,,,,,,,MCDONALD'S,,,,10,,
1842,1,32.7138,-117.1542,,,,,,,POST OFFICE,,,,10,,
1843,1,32.7138,-117.1542,,,,,,,BURGER KING,,,,10,,
1844,1,32.7138,-117.1542,,,,,,,GOLF,,,,10,,
1845,1,32.7138,-117.1542,,,,,,,GAS,,,,10,,
1846,1,32.7138,-117.1542,,,,,,,MASSAGE,,,,10,,
1847,1,32.7138,-117.1542,,,,,,,GAMESTOP,,,,10,,
1848,1,32.7138,-117.1542,,,,,,,IKEA,,,,10,,
1849,1,32.7138,-117.1542,,,,,,,TOYS R US,,,,10,,
1850,1,32.7138,-117.1542,,,,,,,LIQUOR,,,,10,,
1851,1,32.7138,-117.1542,,,,,,,PET,,,,10,,
1852,1,32.7138,-117.1542,,,,,,,TATTOO,,,,10,,
1853,1,32.7138,-117.1542,,,,,,,RESTAURANT,,,,10,,
1854,1,32.7138,-117.1542,,,,,,,RESTAURANTS,,,,10,,
1855,1,32.7138,-117.1542,,,,,,,LIBRARY,,,,10,,
1856,1,32.7138,-117.1542,,,,,,,HOTEL,,,,10,,
1857,1,32.7138,-117.1542,,,,,,,FOOD,,,,10,,
1858,1,32.7138,-117.1542,,,,,,,ICE CREAM,,,,10,,
1859,1,32.7138,-117.1542,,,,,,,CAR WASH,,,,10,,
1860,1,32.7138,-117.1542,,,,,,,BOWLING,,,,10,,
1861,1,32.7138,-117.1542,,,,,,,BEACH,,,,10,,
1862,1,32.7138,-117.1542,,,,,,,FURNITURE,,,,10,,
1863,1,32.7138,-117.1542,,,,,,,AIRPORT,,,,10,,
1864,1,32.7138,-117.1542,,,,,,,Verizon Wireless Stores,,,,10,,
1865,1,32.7138,-117.1542,,,,,,,Tiendas de Verizon Wireless,,,,10,,
1866,1,32.7138,-117.1542,,,,,,,Tiendas Verizon Wireless,,,,10,,
1867,1,32.7138,-117.1542,,,,,,,Verizon Wireless Store,,,,10,,
1868,1,32.7138,-117.1542,,,,,,,Tienda de Verizon Wireless,,,,10,,
1869,1,32.7138,-117.1542,,,,,,,Tienda Verizon Wireless,,,,10,,
1870,1,32.7138,-117.1542,,,,,,,Verizon Stores,,,,10,,
1871,1,32.7138,-117.1542,,,,,,,Tiendas de Verizon,,,,10,,
1872,1,32.7138,-117.1542,,,,,,,Tiendas Verizon,,,,10,,
1873,1,32.7138,-117.1542,,,,,,,Verizon Store,,,,10,,
1874,1,32.7138,-117.1542,,,,,,,Tienda de Verizon,,,,10,,
1875,1,32.7138,-117.1542,,,,,,,Tienda Verizon,,,,10,,
1876,1,32.7138,-117.1542,,,,,,,Verizon Wireless,,,,10,,
1877,1,32.7138,-117.1542,,,,,,,Verizon,,,,10,,
1878,1,32.7138,-117.1542,,,,,,,VZW,,,,10,,
