#query_num,input lat,input lon,city,country,state,county,airport,str,xstr,sa,postal,lat,lon,sexp_query
1,33.759466,-118.290575,Los Angeles,USA,CA,,,N Gaffey St,,1900,90731,33.759466,-118.290575," #TC50657 Harbor Frwy and Transit Way Wilmington, CA 90744 (reverse-geocode-query (scale [float]10) (position (variant point)  (point (lat [double]33.759466 lon [double]-118.290575))))"
2,40.527528,-74.567043,Franklin Twp,USA,NJ,,,Canal Walk Blvd,,,8873,40.527397,-74.56765,"  #TC50658 Canal Walk Blvd Somerset, NJ 08873  (reverse-geocode-query (scale [float]10) (position (variant point)  (point (lat [double]40.527528 lon [double]-74.567043))))"
3,40.361,-74.664,Princeton Twp,USA,NJ,,,Witherspoon St,,357,8542,40.361,-74.664,  #TC50659 390 Witherspoon St Princeton NJ 08542 (reverse-geocode-query (scale [float]10) (position (variant point) (point (lat [double]40.361 lon [double]-74.664))))
4,39.947,-85.973,Fishers,USA,IN,,,Blueberry Ln,,10831,46037,39.947,-85.973,  #TC50660 10917 Blueberry Ln Fishers IN 46037 (reverse-geocode-query (scale [float]10) (position (variant point) (point (lat [double]39.947 lon [double]-85.973))))
5,34.313156,-117.926102,Mt Wilson,USA,CA,,,Angeles Crest Hwy,,,91023,34.342056,-117.920029,  #TC50661 Angeles National Forest  (reverse-geocode-query (scale [float]10) (position (variant point) (point (lat [double]34.313156 lon [double]-117.926102))))
6,42.377613,-71.116633,Cambridge,USA,MA,,,A Local Road,,,2138,42.377613,-71.116638,  #TC50662 Harvard University (reverse-geocode-query (scale [float]10) (position (variant point) (point (lat [double]42.377613 lon [double]-71.116633 ))))
7,33.144,-117.613,,,,,,,,,,33.144,-117.613,  #TC50663 Pacific Ocean (reverse-geocode-query (scale [float]10) (position (variant point) (point (lat [double]33.144 lon [double]-117.613))))
8,34.233707,-118.624756,Los Angeles,USA,CA,,,A Local Road,,,91304,34.228821,-118.625771,  #TC50663 Chatsworth Reservoir (reverse-geocode-query (scale [float]10) (position (variant point) (point (lat [double]34.233707 lon [double]-118.624756 ))))
9,40.695552,-74.009235,,,,,,,,,,40.695552,-74.009235,  #TC50664 Diamond reef (reverse-geocode-query (scale [float]10) (position (variant point) (point (lat [double]40.695552 lon [double]-74.009235 ))))
10,40.706606,-74.007449,New York,USA,NY,,,Cedar St,,17,10005,40.706593,-74.007462,  #TC50665 American International Building (reverse-geocode-query (scale [float]10) (position (variant point) (point (lat [double]40.706606 lon [double]-74.007449 ))))
11,37.755841,-122.596664,,,,,,,,,,37.755841,-122.596664,  #TC50666 sea side (reverse-geocode-query (scale [float]10) (position (variant point) (point (lat [double]37.755841 lon [double]-122.596664 ))))
12,37.810298,-122.185782,Oakland,USA,CA,,,A Local Road,,,94602,37.80994,-122.185715,"  #TC50667 Joaquin Miller Rd Oakland, CA  (near park) (reverse-geocode-query (scale [float]10) (position (variant point) (point (lat [double]37.810298 lon [double]-122.185782))))"
13,34.019516,-118.284485,Los Angeles,USA,CA,,,Trousdale Pky,,3616,90089,34.019516,-118.284485,  #TC50668 734-798 Childs Way Los Angeles(near campus) (reverse-geocode-query (scale [float]10) (position (variant point)  (point (lat [double]34.019516 lon [double]-118.284485 ))))
14,37.864372,-122.302737,Berkeley,USA,CA,,,Bolivar Dr,,,94710,37.864376,-122.302658,"  #TC50669 Interstate 80 Frontage Rd Berkeley, CA 94710 (near water) (reverse-geocode-query (scale [float]10) (position (variant point)  (point (lat [double]37.864372 lon [double]-122.302737 ))))"
15,33.775,-118.043,Seal Beach,USA,CA,,,CA-22 W,,,90740,33.775108,-118.042999,  #TC50670 San Diego Fwy Seal Beach CA 90740 (reverse-geocode-query (scale [float]10) (position (variant point) (point (lat [double]33.775 lon [double]-118.043))))
16,40.705543,-74.01066,New York,USA,NY,,,Exchange Pl,,38,10004,40.705543,-74.01066,"  #TC50671 25 Broad StNew York, NY 10005 (near building) (reverse-geocode-query (scale [float]10) (position (variant point)  (point (lat [double]40.705543 lon [double]-74.01066 ))))"
17,45.417,-122.632,Portland,USA,OR,,,SE McLoughlin Blvd,,14790,97267,45.417,-122.632,  #TC50762 14625 SE Mcloughlin Blvd Portland OR 97267 (reverse-geocode-query (scale [float]10) (position (variant point) (point (lat [double]45.417 lon [double]-122.632))))
18,33.633,-117.79,Irvine,USA,CA,,,Boulder Vw,,25,92603,33.633,-117.79,  #TC50762 2 Boulder Vw Irvine CA 92603 (reverse-geocode-query (scale [float]10) (position (variant point) (point (lat [double]33.633 lon [double]-117.79))))
19,41.309,-72.006,"Groton, Town of",USA,CT,,,Crescent St,,22,6340,41.309,-72.006,  #TC50762 19 Crescent St Groton CT 06340 (reverse-geocode-query (scale [float]10) (position (variant point) (point (lat [double]41.309 lon [double]-72.006))))
20,33.634,-117.64,Mission Viejo,USA,CA,,,San Lucas,,28122,92692,33.634,-117.64,  #TC50762 28095 San Lucas Mission Viejo CA 92692 (reverse-geocode-query (scale [float]10) (position (variant point) (point (lat [double]33.634 lon [double]-117.64))))
21,41.17,-73.21,Bridgeport,USA,CT,,,Organ St,,157,6605,41.170013,-73.209877,  #TC50762 160 Organ St Bridgeport CT 06605 (reverse-geocode-query (scale [float]10) (position (variant point) (point (lat [double]41.17 lon [double]-73.21))))
22,32.732,-117.194,San Diego,USA,CA,,,Airlane Rd,,2361,92101,32.732,-117.194,  #TC50762 Airlane Rd San Diego CA 92101 (reverse-geocode-query (scale [float]10) (position (variant point) (point (lat [double]32.732 lon [double]-117.194))))
23,40.361,-74.664,Princeton Twp,USA,NJ,,,Witherspoon St,,357,8542,40.361,-74.664,  #TC50762 390 Witherspoon St Princeton NJ 08542 (reverse-geocode-query (scale [float]10) (position (variant point) (point (lat [double]40.361 lon [double]-74.664))))
24,42.727,-86.056,Fillmore Twp,USA,MI,,,Lincoln Rd,,4216,49423,42.727,-86.056,  #TC50762 4218 52nd St Holland MI 49423 (reverse-geocode-query (scale [float]10) (position (variant point) (point (lat [double]42.727 lon [double]-86.056))))
25,32.88,-97.112,Colleyville,USA,TX,,,Queensbury Way E,,3501,76034,32.88,-97.112,  #TC50762 3535 Queensbury Way E Colleyville TX 76034 (reverse-geocode-query (scale [float]10) (position (variant point) (point (lat [double]32.88 lon [double]-97.112))))
26,34.69,-82.816,Clemson,USA,SC,,,Wesley St,,219,29631,34.69,-82.816,  #TC50762 293 Wesley St Clemson SC 29631 (reverse-geocode-query (scale [float]10) (position (variant point) (point (lat [double]34.69 lon [double]-82.816))))
27,42.247,-71.798,Worcester,USA,MA,,,Sterling St,,50,1610,42.247,-71.798,  #TC50762 47 Sterling St Worcester MA 01610 (reverse-geocode-query (scale [float]10) (position (variant point) (point (lat [double]42.247 lon [double]-71.798))))
28,34.048,-118.261,Los Angeles,USA,CA,,,W 8th St,,829,90017,34.048,-118.261,  #TC50762 780 S Figueroa St Los Angeles CA 90017 (reverse-geocode-query (scale [float]10) (position (variant point) (point (lat [double]34.048 lon [double]-118.261))))
29,30.278,-89.76,Slidell,USA,LA,,,Eastwood Dr,,1640,70458,30.278,-89.76,  #TC50762 1649 Eastwood Dr Slidell LA 70458 (reverse-geocode-query (scale [float]10) (position (variant point) (point (lat [double]30.278 lon [double]-89.76))))
30,45.417,-122.632,Portland,USA,OR,,,SE McLoughlin Blvd,,14790,97267,45.417,-122.632,  #TC50762 14625 SE Mcloughlin Blvd Portland OR 97267 (reverse-geocode-query (scale [float]10) (position (variant point) (point (lat [double]45.417 lon [double]-122.632))))
31,47.612,-122.335,Seattle,USA,WA,,,Pine St,,601,98101,47.612,-122.335,  #TC50762 1573 6th Ave Seattle WA 98101 (reverse-geocode-query (scale [float]10) (position (variant point) (point (lat [double]47.612 lon [double]-122.335))))
32,34.088,-84.27,Alpharetta,USA,GA,,,Windward Pky,,5460,30004,34.087955,-84.27002,  #TC50762 5471 Windward Pky Alpharetta GA 30004 (reverse-geocode-query (scale [float]10) (position (variant point) (point (lat [double]34.088 lon [double]-84.27))))
33,40.72,-74.535,Bernards Twp,USA,NJ,,,Madisonville Rd,,223,7920,40.720074,-74.535042,  #TC50762 244 Madisonville Rd Basking Ridge NJ 07920 (reverse-geocode-query (scale [float]10) (position (variant point) (point (lat [double]40.72 lon [double]-74.535))))
34,37.685,-122.4,Brisbane,USA,CA,,,Old County Rd,,87,94005,37.685013,-122.400002,  #TC50762 95 Old County Rd Brisbane CA 94005 (reverse-geocode-query (scale [float]10) (position (variant point) (point (lat [double]37.685 lon [double]-122.4))))
35,42.247,-71.798,Worcester,USA,MA,,,Sterling St,,50,1610,42.247,-71.798,  #TC50762 47 Sterling St Worcester MA 01610 (reverse-geocode-query (scale [float]10) (position (variant point) (point (lat [double]42.247 lon [double]-71.798))))
36,40.666241,-73.981991,New York,USA,NY,,,7th Ave,,349,11215,40.666241,-73.981991,  # Test (reverse-geocode-query (scale [float]10) (position (variant point) (point (lat [double]40.666241 lon [double]-73.981991))))
37,40.9787,-72.5305,"Southold, Town of",USA,NY,,,Bay Ave,,3075,11952,40.9787,-72.5305,"  # (reverse-geocode-query (scale [float]10.0) (position (variant point) (point (lat [double]40.9787 lon [double]-72.5305))))"
38,40.9774,-72.5326,"Southold, Town of",USA,NY,,,Peconic Bay Blvd,,10890,11952,40.9774,-72.5326,"  # (reverse-geocode-query (scale [float]10.0) (position (variant point) (point (lat [double]40.9774 lon [double]-72.5326))))"
39,40.9742,-72.1351,"East Hampton, Town of",USA,NY,,,Meeting House Ln,,84,11930,40.9742,-72.1351,"  # (reverse-geocode-query (scale [float]10.0) (position (variant point) (point (lat [double]40.9742 lon [double]-72.1351))))"
40,40.9563,-72.5556,"Southold, Town of",USA,NY,,,Laurel Ln,,1305,11948,40.9563,-72.5556,"  # (reverse-geocode-query (scale [float]10.0) (position (variant point) (point (lat [double]40.9563 lon [double]-72.5556))))"
41,40.9577,-72.8875,"Brookhaven, Town of",USA,NY,,,Harvard Rd,,29,11786,40.9577,-72.8875,"  # (reverse-geocode-query (scale [float]10.0) (position (variant point) (point (lat [double]40.9577 lon [double]-72.8875))))"
42,40.9589,-72.9756,"Brookhaven, Town of",USA,NY,,,Greenlawn Rd,,58,11789,40.9589,-72.9756,"  # (reverse-geocode-query (scale [float]10.0) (position (variant point) (point (lat [double]40.9589 lon [double]-72.9756))))"
43,42.1687,-78.3866,"Hinsdale, Town of",USA,NY,,,N Main St,,3861,14743,42.1687,-78.3866,"  # (reverse-geocode-query (scale [float]10.0) (position (variant point) (point (lat [double]42.1687 lon [double]-78.3866))))"
44,42.1301,-77.0611,"Corning, Town of",USA,NY,,,Riter Rd,,2683,14830,42.1301,-77.0611,"  # (reverse-geocode-query (scale [float]10.0) (position (variant point) (point (lat [double]42.1301 lon [double]-77.0611))))"
45,42.1792,-78.9211,"Napoli, Town of",USA,NY,,,Tyler Whitmore Rd,,4146,14772,42.1792,-78.9211,"  # (reverse-geocode-query (scale [float]10.0) (position (variant point) (point (lat [double]42.1792 lon [double]-78.9211))))"
46,42.1286,-77.0366,South Corning,USA,NY,,,Glen Ave,,1,14830,42.1286,-77.0366,"  # (reverse-geocode-query (scale [float]10.0) (position (variant point) (point (lat [double]42.1286 lon [double]-77.0366))))"
47,42.1676,-78.3895,"Hinsdale, Town of",USA,NY,,,Virginia St,,3827,14743,42.1676,-78.3895,"  # (reverse-geocode-query (scale [float]10.0) (position (variant point) (point (lat [double]42.1676 lon [double]-78.3895))))"
48,42.1286,-77.0374,South Corning,USA,NY,,,Glen Ave,,9,14830,42.1286,-77.0374,"  # (reverse-geocode-query (scale [float]10.0) (position (variant point) (point (lat [double]42.1286 lon [double]-77.0374))))"
49,42.1676,-78.3895,"Hinsdale, Town of",USA,NY,,,Virginia St,,3827,14743,42.1676,-78.3895,"  # (reverse-geocode-query (scale [float]10.0) (position (variant point) (point (lat [double]42.1676 lon [double]-78.3895))))"
50,42.182,-78.9601,"Conewango, Town of",USA,NY,,,Cemetery Hill Rd,,4185,14772,42.182,-78.9601,"  # (reverse-geocode-query (scale [float]10.0) (position (variant point) (point (lat [double]42.182 lon [double]-78.9601))))"
51,42.1785,-78.957,"Conewango, Town of",USA,NY,,,Benson Rd,,11209,14772,42.1785,-78.957,"  # (reverse-geocode-query (scale [float]10.0) (position (variant point) (point (lat [double]42.1785 lon [double]-78.957))))"
52,42.1561,-77.9453,"Wellsville, Town of",USA,NY,,,N Hill Rd,,3564,14895,42.1561,-77.9453,"  # (reverse-geocode-query (scale [float]10.0) (position (variant point) (point (lat [double]42.1561 lon [double]-77.9453))))"
53,34.1128,-83.5853,Jefferson,USA,GA,,,Hilltop Dr,,31,30549,34.1128,-83.5853,"  # (reverse-geocode-query (scale [float]10.0) (position (variant point) (point (lat [double]34.1128 lon [double]-83.5853))))"
54,33.7268,-84.5708,Atlanta,USA,GA,,,S Monte Vista Dr SW,,5611,30331,33.7268,-84.5708,"  # (reverse-geocode-query (scale [float]10.0) (position (variant point) (point (lat [double]33.7268 lon [double]-84.5708))))"
55,38.2396,-121.301,Galt,USA,CA,,,Wilder Way,,1208,95632,38.2396,-121.301,"  # (reverse-geocode-query (scale [float]10.0) (position (variant point) (point (lat [double]38.2396 lon [double]-121.301))))"
56,34.0029,-83.6094,Winder,USA,GA,,,Sweet Apple Ln,,17,30680,34.0029,-83.6094,"  # (reverse-geocode-query (scale [float]10.0) (position (variant point) (point (lat [double]34.0029 lon [double]-83.6094))))"
57,31.7945,-81.6186,Hinesville,USA,GA,,,Wayfair Ln,,197,31313,31.7945,-81.6186,"  # (reverse-geocode-query (scale [float]10.0) (position (variant point) (point (lat [double]31.7945 lon [double]-81.6186))))"
58,33.4561,-84.0404,McDonough,USA,GA,,,N Ola Rd,,738,30252,33.4561,-84.0404,"  # (reverse-geocode-query (scale [float]10.0) (position (variant point) (point (lat [double]33.4561 lon [double]-84.0404))))"
59,34.2244,-78.0565,Leland,USA,NC,,,Old Forest Dr NE,,8673,28451,34.2244,-78.0565,"  # (reverse-geocode-query (scale [float]10.0) (position (variant point) (point (lat [double]34.2244 lon [double]-78.0565))))"
60,32.4055,-81.6866,Statesboro,USA,GA,,,Prather Rd,,2024,30461,32.4055,-81.6866,"  # (reverse-geocode-query (scale [float]10.0) (position (variant point) (point (lat [double]32.4055 lon [double]-81.6866))))"
61,32.4101,-81.6887,Statesboro,USA,GA,,,Nottingham Rd,,1823,30461,32.4101,-81.6887,"  # (reverse-geocode-query (scale [float]10.0) (position (variant point) (point (lat [double]32.4101 lon [double]-81.6887))))"
62,46.7573,-114.088,Lolo,USA,MT,,,US-12,,6600,59847,46.7573,-114.088,"  # (reverse-geocode-query (scale [float]10.0) (position (variant point) (point (lat [double]46.7573 lon [double]-114.088))))"
63,46.7632,-114.08,Lolo,USA,MT,,,US-93,,11350,59847,46.7632,-114.08,"  # (reverse-geocode-query (scale [float]10.0) (position (variant point) (point (lat [double]46.7632 lon [double]-114.08))))"
64,34.8303,-84.4086,Cherry Log,USA,GA,,,Bushy Head Rd,,133,30522,34.8303,-84.4086,"  # (reverse-geocode-query (scale [float]10.0) (position (variant point) (point (lat [double]34.8303 lon [double]-84.4086))))"
65,34.8355,-84.4139,Cherry Log,USA,GA,,,Bushy Head Rd,,537,30522,34.8355,-84.4139,"  # (reverse-geocode-query (scale [float]10.0) (position (variant point) (point (lat [double]34.8355 lon [double]-84.4139))))"
66,37.3428,-108.069,Hesperus,USA,CO,,,CR-124,,3756,81326,37.3428,-108.069,"  # (reverse-geocode-query (scale [float]10.0) (position (variant point) (point (lat [double]37.3428 lon [double]-108.069))))"
67,33.9267,-80.1557,Mayesville,USA,SC,,,N Brick Church Rd,,805,29104,33.9267,-80.1557,"  # (reverse-geocode-query (scale [float]10.0) (position (variant point) (point (lat [double]33.9267 lon [double]-80.1557))))"
68,41.2059,-95.9527,Omaha,USA,NE,,,Edward Babe Gomez Ave,,2655,68107,41.2059,-95.9527,"  # (reverse-geocode-query (scale [float]10.0) (position (variant point) (point (lat [double]41.2059 lon [double]-95.9527))))"
69,33.2385,-87.5711,Northport,USA,AL,,,Dutton Pl,,1407,35473,33.2385,-87.5711,"  # (reverse-geocode-query (scale [float]10.0) (position (variant point) (point (lat [double]33.2385 lon [double]-87.5711))))"
70,36.1098,-95.1902,Locust Grove,USA,OK,,,S 439,,13649,74352,36.1098,-95.1902,"  # (reverse-geocode-query (scale [float]10.0) (position (variant point) (point (lat [double]36.1098 lon [double]-95.1902))))"
71,41.198,-95.9485,Omaha,USA,NE,,,S 25th St,,6006,68107,41.198,-95.9485,"  # (reverse-geocode-query (scale [float]10.0) (position (variant point) (point (lat [double]41.198 lon [double]-95.9485))))"
72,44.1019,-88.0438,"Rantoul, Town of",USA,WI,,,CR-JJ,,N5875,54110,44.1019,-88.0438,"  # (reverse-geocode-query (scale [float]10.0) (position (variant point) (point (lat [double]44.1019 lon [double]-88.0438))))"
73,39.277,-81.5898,Belpre,USA,OH,,,Putnam Howe Dr,,1501,45714,39.277,-81.5898,"  # (reverse-geocode-query (scale [float]10.0) (position (variant point) (point (lat [double]39.277 lon [double]-81.5898))))"
74,38.4012,-81.494,Elkview,USA,WV,,,Indian Creek Rd,,4038,25071,38.4012,-81.494,"  # (reverse-geocode-query (scale [float]10.0) (position (variant point) (point (lat [double]38.4012 lon [double]-81.494))))"
75,32.4651,-97.7179,Granbury,USA,TX,,,Dean Ct,,200,76049,32.4651,-97.7179,"  # (reverse-geocode-query (scale [float]10.0) (position (variant point) (point (lat [double]32.4651 lon [double]-97.7179))))"
76,28.6439,-81.4021,Altamonte Springs,USA,FL,,,McNorton Rd,,1225,32714,28.6439,-81.4021,"  # (reverse-geocode-query (scale [float]10.0) (position (variant point) (point (lat [double]28.6439 lon [double]-81.4021))))"
77,37.2271,-107.796,Durango,USA,CO,,,CO-172,,187,81303,37.2271,-107.796,"  # (reverse-geocode-query (scale [float]10.0) (position (variant point) (point (lat [double]37.2271 lon [double]-107.796))))"
78,35.5496,-97.1378,Harrah,USA,OK,,,E 1010 Rd,,22028,73045,35.5496,-97.1378,"  # (reverse-geocode-query (scale [float]10.0) (position (variant point) (point (lat [double]35.5496 lon [double]-97.1378))))"
79,41.607,-73.5464,"Pawling, Town of",USA,NY,,,N Quaker Hill Rd,,703,12564,41.607,-73.5464,"  # (reverse-geocode-query (scale [float]10.0) (position (variant point) (point (lat [double]41.607 lon [double]-73.5464))))"
80,36.8047,-119.808,Fresno,USA,CA,,,N Palm Ave,,4796,93704,36.8047,-119.808,"  # (reverse-geocode-query (scale [float]10.0) (position (variant point) (point (lat [double]36.8047 lon [double]-119.808))))"
81,41.3456,-96.0213,Omaha,USA,NE,,,N 72nd St,,9505,68122,41.3456,-96.0213,"  # (reverse-geocode-query (scale [float]10.0) (position (variant point) (point (lat [double]41.3456 lon [double]-96.0213))))"
82,41.3655,-96.0243,Omaha,USA,NE,,,N 72nd St,,11706,68122,41.3655,-96.0243,"  # (reverse-geocode-query (scale [float]10.0) (position (variant point) (point (lat [double]41.3655 lon [double]-96.0243))))"
83,35.4652,-87.2623,Mt Pleasant,USA,TN,,,Lawrenceburg Hwy,,8741,38474,35.4652,-87.2623,"  # (reverse-geocode-query (scale [float]10.0) (position (variant point) (point (lat [double]35.4652 lon [double]-87.2623))))"
84,29.2655,-94.8299,Galveston,USA,TX,,,Seawall Blvd,,6300,77551,29.2655,-94.8299,"  # (reverse-geocode-query (scale [float]10.0) (position (variant point) (point (lat [double]29.2655 lon [double]-94.8299))))"
85,39.0434,-90.8699,Foley,USA,MO,,,Royal Ridge Ct,,240,63347,39.0434,-90.8699,"  # (reverse-geocode-query (scale [float]10.0) (position (variant point) (point (lat [double]39.0434 lon [double]-90.8699))))"
86,41.3303,-96.0264,Omaha,USA,NE,,,N 72nd St,,7906,68122,41.3303,-96.0264,"  # (reverse-geocode-query (scale [float]10.0) (position (variant point) (point (lat [double]41.3303 lon [double]-96.0264))))"
87,38.3775,-81.8108,St Albans,USA,WV,,,Kanawha Ter,,2211,25177,38.3775,-81.8108,"  # (reverse-geocode-query (scale [float]10.0) (position (variant point) (point (lat [double]38.3775 lon [double]-81.8108))))"
88,35.4464,-77.2829,Ayden,USA,NC,,,Hound Heaven Ln,,3711,28513,35.4464,-77.2829,"  # (reverse-geocode-query (scale [float]10.0) (position (variant point) (point (lat [double]35.4464 lon [double]-77.2829))))"
89,31.9568,-111.267,Tucson,USA,AZ,,,S Sierrita Mountain Rd,,16100,85736,31.9568,-111.267,"  # (reverse-geocode-query (scale [float]10.0) (position (variant point) (point (lat [double]31.9568 lon [double]-111.267))))"
90,30.0776,-81.5994,St Johns,USA,FL,,,Shetland Dr,,161,32259,30.0776,-81.5994,"  # (reverse-geocode-query (scale [float]10.0) (position (variant point) (point (lat [double]30.0776 lon [double]-81.5994))))"
91,33.4767,-83.8986,Covington,USA,GA,,,Pleasant Hills Ct,,20,30016,33.4767,-83.8986,"  # (reverse-geocode-query (scale [float]10.0) (position (variant point) (point (lat [double]33.4767 lon [double]-83.8986))))"
92,39.4268,-81.4103,Marietta,USA,OH,,,Greene St,,1855,45750,39.4268,-81.4103,"  # (reverse-geocode-query (scale [float]10.0) (position (variant point) (point (lat [double]39.4268 lon [double]-81.4103))))"
93,44.1147,-87.8283,Reedsville,USA,WI,,,Lake Cato Rd,,1200,54230,44.1147,-87.8283,"  # (reverse-geocode-query (scale [float]10.0) (position (variant point) (point (lat [double]44.1147 lon [double]-87.8283))))"
94,35.57,-87.1567,Mt Pleasant,USA,TN,,,N Main St,,1553,38474,35.57,-87.1567,"  # (reverse-geocode-query (scale [float]10.0) (position (variant point) (point (lat [double]35.57 lon [double]-87.1567))))"
95,35.4238,-77.3688,Ayden,USA,NC,,,Bissette Ln,,1545,28513,35.4238,-77.3688,"  # (reverse-geocode-query (scale [float]10.0) (position (variant point) (point (lat [double]35.4238 lon [double]-77.3688))))"
96,41.0315,-83.6241,Findlay,USA,OH,,,Kennsington Dr,,1400,45840,41.0315,-83.6241,"  # (reverse-geocode-query (scale [float]10.0) (position (variant point) (point (lat [double]41.0315 lon [double]-83.6241))))"
97,38.8975,-90.8742,Moscow Mills,USA,MO,,,E Cappel Rd,,4200,63362,38.8975,-90.8742,"  # (reverse-geocode-query (scale [float]10.0) (position (variant point) (point (lat [double]38.8975 lon [double]-90.8742))))"
98,35.6015,-77.4929,Greenville,USA,NC,,,Kathryn Ln,,1786,27834,35.6015,-77.4929,"  # (reverse-geocode-query (scale [float]10.0) (position (variant point) (point (lat [double]35.6015 lon [double]-77.4929))))"
99,27.5101,-82.6471,Bradenton,USA,FL,,,11th Ave NW,,8601,34209,27.5101,-82.6471,"  # (reverse-geocode-query (scale [float]10.0) (position (variant point) (point (lat [double]27.5101 lon [double]-82.6471))))"
100,41.3308,-96.0654,Omaha,USA,NE,,,Irvington Rd,,7715,68122,41.3308,-96.0654,"  # (reverse-geocode-query (scale [float]10.0) (position (variant point) (point (lat [double]41.3308 lon [double]-96.0654))))"
101,33.7605,-118.386,Rolling Hills Estates,USA,CA,,,Clear Vista Dr,,41,90274,33.7605,-118.386,"  # (reverse-geocode-query (scale [float]10.0) (position (variant point) (point (lat [double]33.7605 lon [double]-118.386))))"
102,48.410175,-122.304054,Mt Vernon,USA,WA,,,S 27th St,,1688,98274,48.410175,-122.304054,"  # (reverse-geocode-query (scale [float]10.0) (position (variant point) (point (lat [double]48.4102 lon [double]-122.304))))"
103,40.4578,-78.9048,Jackson Twp,USA,PA,,,Wagner Rd,,196,15961,40.4578,-78.9048,"  # (reverse-geocode-query (scale [float]10.0) (position (variant point) (point (lat [double]40.4578 lon [double]-78.9048))))"
104,38.9782,-78.2182,Middletown,USA,VA,,,Douglas Dr,,112,22645,38.9782,-78.2182,"  # (reverse-geocode-query (scale [float]10.0) (position (variant point) (point (lat [double]38.9782 lon [double]-78.2182))))"
105,35.3843,-79.5175,Carthage,USA,NC,,,Needhams Rd,,431,28327,35.3843,-79.5175,"  # (reverse-geocode-query (scale [float]10.0) (position (variant point) (point (lat [double]35.3843 lon [double]-79.5175))))"
106,35.3888,-79.5187,Carthage,USA,NC,,,Needhams Rd,,265,28327,35.3888,-79.5187,"  # (reverse-geocode-query (scale [float]10.0) (position (variant point) (point (lat [double]35.3888 lon [double]-79.5187))))"
107,34.7123,-86.706,Huntsville,USA,AL,,,Slaughter Rd,,619,35758,34.7123,-86.706,"  # (reverse-geocode-query (scale [float]10.0) (position (variant point) (point (lat [double]34.7123 lon [double]-86.706))))"
108,35.2401,-79.2674,Vass,USA,NC,,,White Rock Rd,,305,28394,35.2401,-79.2674,"  # (reverse-geocode-query (scale [float]10.0) (position (variant point) (point (lat [double]35.2401 lon [double]-79.2674))))"
109,48.4449,-122.825,Lopez Island,USA,WA,,,Snowberry Ln,,46,98261,48.4449,-122.825,"  # (reverse-geocode-query (scale [float]10.0) (position (variant point) (point (lat [double]48.4449 lon [double]-122.825))))"
110,40.4539,-78.5779,Cresson Twp,USA,PA,,,Level Rd,,253,15938,40.4539,-78.5779,"  # (reverse-geocode-query (scale [float]10.0) (position (variant point) (point (lat [double]40.4539 lon [double]-78.5779))))"
111,40.3384,-75.9617,Wyomissing,USA,PA,,,Reed Ave,,1030,19610,40.3384,-75.9617,"  # (reverse-geocode-query (scale [float]10.0) (position (variant point) (point (lat [double]40.3384 lon [double]-75.9617))))"
112,35.3404,-79.4319,Carthage,USA,NC,,,Dowd Rd,,597,28327,35.3404,-79.4319,"  # (reverse-geocode-query (scale [float]10.0) (position (variant point) (point (lat [double]35.3404 lon [double]-79.4319))))"
113,43.587,-96.7858,Sioux Falls,USA,SD,,,N Galaxy Ln,,3860,57107,43.587,-96.7858,"  # (reverse-geocode-query (scale [float]10.0) (position (variant point) (point (lat [double]43.587 lon [double]-96.7858))))"
114,43.5854,-96.7791,Sioux Falls,USA,SD,,,W Cayman St,,4101,57107,43.5854,-96.7791,"  # (reverse-geocode-query (scale [float]10.0) (position (variant point) (point (lat [double]43.5854 lon [double]-96.7791))))"
115,35.4584,-120.732,Atascadero,USA,CA,,,San Miguel Rd,,14505,93422,35.4584,-120.732,"  # (reverse-geocode-query (scale [float]10.0) (position (variant point) (point (lat [double]35.4584 lon [double]-120.732))))"
116,39.0726,-77.9811,Boyce,USA,VA,,,Calmes Neck Ln,,3057,22620,39.0726,-77.9811,"  # (reverse-geocode-query (scale [float]10.0) (position (variant point) (point (lat [double]39.0726 lon [double]-77.9811))))"
117,39.0963,-78.0901,Boyce,USA,VA,,,Morning Star Ln,,735,22620,39.0963,-78.0901,"  # (reverse-geocode-query (scale [float]10.0) (position (variant point) (point (lat [double]39.0963 lon [double]-78.0901))))"
118,30.4367,-88.8795,Biloxi,USA,MS,,,St Martin St,,6516,39532,30.4367,-88.8795,"  # (reverse-geocode-query (scale [float]10.0) (position (variant point) (point (lat [double]30.4367 lon [double]-88.8795))))"
119,39.052,-123.154,Ukiah,USA,CA,,,US-101,,7299,95482,39.052,-123.154,"  # (reverse-geocode-query (scale [float]10.0) (position (variant point) (point (lat [double]39.052 lon [double]-123.154))))"
120,39.2418,-123.206,Redwood Valley,USA,CA,,,N State St,,6801,95470,39.2418,-123.206,"  # (reverse-geocode-query (scale [float]10.0) (position (variant point) (point (lat [double]39.2418 lon [double]-123.206))))"
121,48.4249,-122.321,Mt Vernon,USA,WA,,,N 16th St,,430,98273,48.4249,-122.321,"  # (reverse-geocode-query (scale [float]10.0) (position (variant point) (point (lat [double]48.4249 lon [double]-122.321))))"
122,47.7266,-122.138,Redmond,USA,WA,,,Woodinville Redmond Rd NE,,14123,98052,47.7266,-122.138,"  # (reverse-geocode-query (scale [float]10.0) (position (variant point) (point (lat [double]47.7266 lon [double]-122.138))))"
123,48.4118,-122.276,Mt Vernon,USA,WA,,,Olympic Ln,,1310,98274,48.4118,-122.276,"  # (reverse-geocode-query (scale [float]10.0) (position (variant point) (point (lat [double]48.4118 lon [double]-122.276))))"
124,38.5928,-122.447,Angwin,USA,CA,,,Summit Lake Dr,,1065,94508,38.5928,-122.447,"  # (reverse-geocode-query (scale [float]10.0) (position (variant point) (point (lat [double]38.5928 lon [double]-122.447))))"
125,46.3294,-114.197,Hamilton,USA,MT,,,Steller Way,,1186,59840,46.3294,-114.197,"  # (reverse-geocode-query (scale [float]10.0) (position (variant point) (point (lat [double]46.3294 lon [double]-114.197))))"
126,33.7126,-84.6636,Douglasville,USA,GA,,,Fairburn Rd,,3385,30135,33.7126,-84.6636,"  # (reverse-geocode-query (scale [float]10.0) (position (variant point) (point (lat [double]33.7126 lon [double]-84.6636))))"
127,39.1068,-78.2592,Winchester,USA,VA,,,Germany Rd,,581,22602,39.1068,-78.2592,"  # (reverse-geocode-query (scale [float]10.0) (position (variant point) (point (lat [double]39.1068 lon [double]-78.2592))))"
128,38.9772,-123.048,Hopland,USA,CA,,,Buckman Dr,,13204,95449,38.9772,-123.048,"  # (reverse-geocode-query (scale [float]10.0) (position (variant point) (point (lat [double]38.9772 lon [double]-123.048))))"
129,35.3417,-79.412,Carthage,USA,NC,,,Pinehurst Ave,,103,28327,35.3417,-79.412,"  # (reverse-geocode-query (scale [float]10.0) (position (variant point) (point (lat [double]35.3417 lon [double]-79.412))))"
130,48.451607,-122.830894,Lopez Island,USA,WA,,,Turning Wood Ln,,162,98261,48.451607,-122.830894,"  # (reverse-geocode-query (scale [float]10.0) (position (variant point) (point (lat [double]48.4516 lon [double]-122.831))))"
131,47.7347,-122.154,Woodinville,USA,WA,,,Woodinville Redmond Rd NE,,14655,98072,47.7347,-122.154,"  # (reverse-geocode-query (scale [float]10.0) (position (variant point) (point (lat [double]47.7347 lon [double]-122.154))))"
132,39.0753,-77.9842,Boyce,USA,VA,,,Calmes Neck Ln,,3355,22620,39.0753,-77.9842,"  # (reverse-geocode-query (scale [float]10.0) (position (variant point) (point (lat [double]39.0753 lon [double]-77.9842))))"
133,33.5376,-117.077,Temecula,USA,CA,,,Calle Contento,,39555,92591,33.5376,-117.077,"  # (reverse-geocode-query (scale [float]10.0) (position (variant point) (point (lat [double]33.5376 lon [double]-117.077))))"
134,43.6991,-96.7406,Baltic,USA,SD,,,Riverbend Pl,,25430,57003,43.6991,-96.7406,"  # (reverse-geocode-query (scale [float]10.0) (position (variant point) (point (lat [double]43.6991 lon [double]-96.7406))))"
135,35.7184,-120.581,San Miguel,USA,CA,,,Independence Ranch Pl,,6404,93451,35.7184,-120.581,"  # (reverse-geocode-query (scale [float]10.0) (position (variant point) (point (lat [double]35.7184 lon [double]-120.581))))"
136,35.7209,-120.636,San Miguel,USA,CA,,,Estrella Rd,,7310,93451,35.7209,-120.636,"  # (reverse-geocode-query (scale [float]10.0) (position (variant point) (point (lat [double]35.7209 lon [double]-120.636))))"
137,39.943298,-122.46981,Red Bluff,USA,CA,,,Osborn Rd,,5209,96080,39.943298,-122.46981,"  # (reverse-geocode-query (scale [float]10.0) (position (variant point) (point (lat [double]39.936 lon [double]-122.475))))"
138,45.2557,-122.579,Oregon City,USA,OR,,,Cascade Hwy S,,24225,97045,45.2557,-122.579,"  # (reverse-geocode-query (scale [float]10.0) (position (variant point) (point (lat [double]45.2557 lon [double]-122.579))))"
139,45.276,-122.569,Oregon City,USA,OR,,,OR-213,,22831,97045,45.276,-122.569,"  # (reverse-geocode-query (scale [float]10.0) (position (variant point) (point (lat [double]45.276 lon [double]-122.569))))"
140,35.388,-79.5533,Carthage,USA,NC,,,Ernie F Rd,,207,28327,35.388,-79.5533,"  # (reverse-geocode-query (scale [float]10.0) (position (variant point) (point (lat [double]35.388 lon [double]-79.5533))))"
141,48.409,-122.285,Mt Vernon,USA,WA,,,Unison Pl,,1630,98274,48.409,-122.285,"  # (reverse-geocode-query (scale [float]10.0) (position (variant point) (point (lat [double]48.409 lon [double]-122.285))))"
142,40.771,-111.895,Salt Lake City,USA,UT,,,W North Temple,,141,84103,40.771,-111.895,"  # (reverse-geocode-query (scale [float]10.0) (position (variant point) (point (lat [double]40.771 lon [double]-111.895))))"
143,33.7113,-84.6609,Douglasville,USA,GA,,,Fairburn Rd,,3464,30135,33.7113,-84.6609,"  # (reverse-geocode-query (scale [float]10.0) (position (variant point) (point (lat [double]33.7113 lon [double]-84.6609))))"
144,43.647,-97.0889,Humboldt,USA,SD,,,456th Ave,,211,57035,43.647,-97.0889,"  # (reverse-geocode-query (scale [float]10.0) (position (variant point) (point (lat [double]43.647 lon [double]-97.0889))))"
145,43.5718,-116.478,Nampa,USA,ID,,,S Knightsbridge Ln,,61,83687,43.5718,-116.478,"  # (reverse-geocode-query (scale [float]10.0) (position (variant point) (point (lat [double]43.5718 lon [double]-116.478))))"
146,35.026,-83.8516,Hayesville,USA,NC,,,Old US-64 W,,1378,28904,35.026,-83.8516,"  # (reverse-geocode-query (scale [float]10.0) (position (variant point) (point (lat [double]35.026 lon [double]-83.8516))))"
147,34.6429,-86.5407,Huntsville,USA,AL,,,Bailey Cove Rd SE,,10300,35803,34.6429,-86.5407,"  # (reverse-geocode-query (scale [float]10.0) (position (variant point) (point (lat [double]34.6429 lon [double]-86.5407))))"
148,43.5725,-116.547,Nampa,USA,ID,,,E Whispering Willow Ln,,2007,83687,43.5725,-116.547,"  # (reverse-geocode-query (scale [float]10.0) (position (variant point) (point (lat [double]43.5725 lon [double]-116.547))))"
149,45.1448,-112.686,Dillon,USA,MT,,,Eliason Ln,,1125,59725,45.1448,-112.686,"  # (reverse-geocode-query (scale [float]10.0) (position (variant point) (point (lat [double]45.1448 lon [double]-112.686))))"
150,48.4108,-122.292,Mt Vernon,USA,WA,,,Woodland Dr,,1608,98274,48.4108,-122.292,"  # (reverse-geocode-query (scale [float]10.0) (position (variant point) (point (lat [double]48.4108 lon [double]-122.292))))"
151,39.0897,-94.6356,Kansas City,USA,KS,,,S 10th St,,532,66105,39.0897,-94.6356,"  # (reverse-geocode-query (scale [float]10.0) (position (variant point) (point (lat [double]39.0897 lon [double]-94.6356))))"
152,40.4006,-80.093,Scott Twp,USA,PA,,,Bluff St,,200,15106,40.4006,-80.093,"  # (reverse-geocode-query (scale [float]10.0) (position (variant point) (point (lat [double]40.4006 lon [double]-80.093))))"
153,48.0957,-122.92,Sequim,USA,WA,,,Beach Dr,,51,98382,48.0957,-122.92,"  # (reverse-geocode-query (scale [float]10.0) (position (variant point) (point (lat [double]48.0957 lon [double]-122.92))))"
154,48.4207,-122.33,Mt Vernon,USA,WA,,,S 9th St,,101,98274,48.4207,-122.33,"  # (reverse-geocode-query (scale [float]10.0) (position (variant point) (point (lat [double]48.4207 lon [double]-122.33))))"
155,36.5919,-98.8672,Waynoka,USA,OK,,,Valley View Dr,,2582,73860,36.5919,-98.8672,"  # (reverse-geocode-query (scale [float]10.0) (position (variant point) (point (lat [double]36.5919 lon [double]-98.8672))))"
156,38.4749,-122.032,Winters,USA,CA,,,Pleasants Valley Rd,,8393,95694,38.4749,-122.032,"  # (reverse-geocode-query (scale [float]10.0) (position (variant point) (point (lat [double]38.4749 lon [double]-122.032))))"
157,48.5284,-122.26,Sedro-Woolley,USA,WA,,,Cully Rd,,22416,98284,48.5284,-122.26,"  # (reverse-geocode-query (scale [float]10.0) (position (variant point) (point (lat [double]48.5284 lon [double]-122.26))))"
158,34.624,-86.5445,Huntsville,USA,AL,,,Mountain Gap Rd SE,,912,35803,34.624,-86.5445,"  # (reverse-geocode-query (scale [float]10.0) (position (variant point) (point (lat [double]34.624 lon [double]-86.5445))))"
159,40.1565,-105.89,Granby,USA,CO,,,County Road 614,,8,80446,40.1565,-105.89,"  # (reverse-geocode-query (scale [float]10.0) (position (variant point) (point (lat [double]40.1565 lon [double]-105.89))))"
160,45.3508,-122.597,Oregon City,USA,OR,,,Molalla Ave,,124,97045,45.3508,-122.597,"  # (reverse-geocode-query (scale [float]10.0) (position (variant point) (point (lat [double]45.3508 lon [double]-122.597))))"
161,34.6745,-86.5395,Huntsville,USA,AL,,,Carl T Jones Dr SE,,4251,35802,34.6745,-86.5395,"  # (reverse-geocode-query (scale [float]10.0) (position (variant point) (point (lat [double]34.6745 lon [double]-86.5395))))"
162,41.2182,-73.0646,Milford,USA,CT,,,Bridgeport Ave,,2080,6460,41.2182,-73.0646,"  # (reverse-geocode-query (scale [float]10.0) (position (variant point) (point (lat [double]41.2182 lon [double]-73.0646))))"
163,38.447,-121.915,Dixon,USA,CA,,,Dixon Ave W,,5285,95620,38.447,-121.915,"  # (reverse-geocode-query (scale [float]10.0) (position (variant point) (point (lat [double]38.447 lon [double]-121.915))))"
164,38.4457,-121.913,Dixon,USA,CA,,,Dixon Ave W,,5310,95620,38.4457,-121.913,"  # (reverse-geocode-query (scale [float]10.0) (position (variant point) (point (lat [double]38.4457 lon [double]-121.913))))"
165,43.5733,-116.548,Nampa,USA,ID,,,E Railroad St,,1910,83687,43.5733,-116.548,"  # (reverse-geocode-query (scale [float]10.0) (position (variant point) (point (lat [double]43.5733 lon [double]-116.548))))"
166,43.5742,-116.548,Nampa,USA,ID,,,E Shortline Dr,,1921,83687,43.5742,-116.548,"  # (reverse-geocode-query (scale [float]10.0) (position (variant point) (point (lat [double]43.5742 lon [double]-116.548))))"
167,40.0114,-122.407,Corning,USA,CA,,,Stagecoach Rd,,16952,96021,40.0114,-122.407,"  # (reverse-geocode-query (scale [float]10.0) (position (variant point) (point (lat [double]40.0114 lon [double]-122.407))))"
168,32.7097,-117.164,San Diego,USA,CA,,,1st Ave,,420,92101,32.7097,-117.164,"  # (reverse-geocode-query (scale [float]10.0) (position (variant point) (point (lat [double]32.7097 lon [double]-117.164))))"
169,34.7573,-86.6713,Huntsville,USA,AL,,,Oakwood Rd NW,,5640,35806,34.7573,-86.6713,"  # (reverse-geocode-query (scale [float]10.0) (position (variant point) (point (lat [double]34.7573 lon [double]-86.6713))))"
170,34.7565,-86.6643,Huntsville,USA,AL,,,Oakwood Rd NW,,5471,35806,34.7565,-86.6643,"  # (reverse-geocode-query (scale [float]10.0) (position (variant point) (point (lat [double]34.7565 lon [double]-86.6643))))"
171,40.0183,-122.409,Corning,USA,CA,,,Elder Creek Cir,,16895,96021,40.0183,-122.409,"  # (reverse-geocode-query (scale [float]10.0) (position (variant point) (point (lat [double]40.0183 lon [double]-122.409))))"
172,34.0673,-84.0058,Buford,USA,GA,,,Plunketts Rd NE,,1262,30519,34.0673,-84.0058,"  # (reverse-geocode-query (scale [float]10.0) (position (variant point) (point (lat [double]34.0673 lon [double]-84.0058))))"
173,48.0916,-122.922,Sequim,USA,WA,,,Diamond Point Rd,,3740,98382,48.0916,-122.922,"  # (reverse-geocode-query (scale [float]10.0) (position (variant point) (point (lat [double]48.0916 lon [double]-122.922))))"
174,48.0886,-122.928,Sequim,USA,WA,,,Industrial Pky,,22,98382,48.0886,-122.928,"  # (reverse-geocode-query (scale [float]10.0) (position (variant point) (point (lat [double]48.0886 lon [double]-122.928))))"
175,48.0913,-122.925,Sequim,USA,WA,,,Lupine Dr,,33,98382,48.0913,-122.925,"  # (reverse-geocode-query (scale [float]10.0) (position (variant point) (point (lat [double]48.0913 lon [double]-122.925))))"
176,36.292393,-93.266701,Harrison,USA,AR,,,Green Hill Rd S,,37,72601,36.292393,-93.266701,"  # (reverse-geocode-query (scale [float]10.0) (position (variant point) (point (lat [double]36.2924 lon [double]-93.2664))))"
177,41.2499,-73.0499,Milford,USA,CT,,,Kozlowski Rd,,137,6461,41.2499,-73.0499,"  # (reverse-geocode-query (scale [float]10.0) (position (variant point) (point (lat [double]41.2499 lon [double]-73.0499))))"
178,45.3371,-122.621,Oregon City,USA,OR,,,Warner Parrott Rd,,140,97045,45.3371,-122.621,"  # (reverse-geocode-query (scale [float]10.0) (position (variant point) (point (lat [double]45.3371 lon [double]-122.621))))"
179,35.5565,-77.3253,Greenville,USA,NC,,,Naples Dr,,1297,27858,35.5565,-77.3253,"  # (reverse-geocode-query (scale [float]10.0) (position (variant point) (point (lat [double]35.5565 lon [double]-77.3253))))"
180,35.5567,-77.3286,Greenville,USA,NC,,,Naples Dr,,1230,27858,35.5567,-77.3286,"  # (reverse-geocode-query (scale [float]10.0) (position (variant point) (point (lat [double]35.5567 lon [double]-77.3286))))"
181,35.5546,-77.3281,Greenville,USA,NC,,,Tuscany Dr,,1702,27858,35.5546,-77.3281,"  # (reverse-geocode-query (scale [float]10.0) (position (variant point) (point (lat [double]35.5546 lon [double]-77.3281))))"
182,35.2413,-79.2072,Vass,USA,NC,,,Dogwood Lndg,,301,28394,35.2413,-79.2072,"  # (reverse-geocode-query (scale [float]10.0) (position (variant point) (point (lat [double]35.2413 lon [double]-79.2072))))"
183,35.244,-79.2007,Vass,USA,NC,,,Bald Cypress Dr,,318,28394,35.244,-79.2007,"  # (reverse-geocode-query (scale [float]10.0) (position (variant point) (point (lat [double]35.244 lon [double]-79.2007))))"
184,42.9192,-88.7671,Fort Atkinson,USA,WI,,,Lower Hebron Rd,,W4710,53538,42.9192,-88.7671,"  # (reverse-geocode-query (scale [float]10.0) (position (variant point) (point (lat [double]42.9192 lon [double]-88.7671))))"
185,42.9159,-88.9051,Fort Atkinson,USA,WI,,,Burnham Rd,,N2005,53538,42.9159,-88.9051,"  # (reverse-geocode-query (scale [float]10.0) (position (variant point) (point (lat [double]42.9159 lon [double]-88.9051))))"
186,42.9176,-88.7356,Fort Atkinson,USA,WI,,,Lower Hebron Rd,,W4013,53538,42.9176,-88.7356,"  # (reverse-geocode-query (scale [float]10.0) (position (variant point) (point (lat [double]42.9176 lon [double]-88.7356))))"
187,42.9211,-88.7168,Fort Atkinson,USA,WI,,,Lower Hebron Rd,,W3644,53538,42.9211,-88.7168,"  # (reverse-geocode-query (scale [float]10.0) (position (variant point) (point (lat [double]42.9211 lon [double]-88.7168))))"
188,42.9265,-88.7742,Fort Atkinson,USA,WI,,,Mack Ln,,W4846,53538,42.9265,-88.7742,"  # (reverse-geocode-query (scale [float]10.0) (position (variant point) (point (lat [double]42.9265 lon [double]-88.7742))))"
189,42.9303,-88.6806,Fort Atkinson,USA,WI,,,Green Isle Dr,,W2896,53538,42.9303,-88.6806,"  # (reverse-geocode-query (scale [float]10.0) (position (variant point) (point (lat [double]42.9303 lon [double]-88.6806))))"
190,42.9287,-88.774,Fort Atkinson,USA,WI,,,Shaner Ln,,W4849,53538,42.9287,-88.774,"  # (reverse-geocode-query (scale [float]10.0) (position (variant point) (point (lat [double]42.9287 lon [double]-88.774))))"
191,42.9288,-89.0042,Cambridge,USA,WI,,,E Rockdale Rd,,N2339,53523,42.9288,-89.0042,"  # (reverse-geocode-query (scale [float]10.0) (position (variant point) (point (lat [double]42.9288 lon [double]-89.0042))))"
192,42.9242,-88.5694,Palmyra,USA,WI,,,Zion Rd,,N2398,53156,42.9242,-88.5694,"  # (reverse-geocode-query (scale [float]10.0) (position (variant point) (point (lat [double]42.9242 lon [double]-88.5694))))"
193,42.9278,-88.6482,Jefferson,USA,WI,,,Brattset Ln,,N2437,53549,42.9278,-88.6482,"  # (reverse-geocode-query (scale [float]10.0) (position (variant point) (point (lat [double]42.9278 lon [double]-88.6482))))"
194,42.9327,-88.9514,Fort Atkinson,USA,WI,,,W Grove Rd,,W8407,53538,42.9327,-88.9514,"  # (reverse-geocode-query (scale [float]10.0) (position (variant point) (point (lat [double]42.9327 lon [double]-88.9514))))"
195,42.9348,-88.9864,Cambridge,USA,WI,,,Waldman Rd,,W9147,53523,42.9348,-88.9864,"  # (reverse-geocode-query (scale [float]10.0) (position (variant point) (point (lat [double]42.9348 lon [double]-88.9864))))"
196,42.9387,-88.6597,Jefferson,USA,WI,,,Mehring Rd,,N2676,53549,42.9387,-88.6597,"  # (reverse-geocode-query (scale [float]10.0) (position (variant point) (point (lat [double]42.9387 lon [double]-88.6597))))"
197,42.9362,-88.8026,Fort Atkinson,USA,WI,,,Kutz Rd,,N2603,53538,42.9362,-88.8026,"  # (reverse-geocode-query (scale [float]10.0) (position (variant point) (point (lat [double]42.9362 lon [double]-88.8026))))"
198,42.9356,-88.8132,Fort Atkinson,USA,WI,,,Curtis Mill Rd,,N2562,53538,42.9356,-88.8132,"  # (reverse-geocode-query (scale [float]10.0) (position (variant point) (point (lat [double]42.9356 lon [double]-88.8132))))"
199,42.867,-88.0809,Muskego,USA,WI,,,Chick Evans Ct,,S98W13282,53150,42.867,-88.0809,"  # (reverse-geocode-query (scale [float]10.0) (position (variant point) (point (lat [double]42.867 lon [double]-88.0809))))"
200,42.8675,-88.0818,Muskego,USA,WI,,,Chick Evans Ct,,S97W13388,53150,42.8675,-88.0818,"  # (reverse-geocode-query (scale [float]10.0) (position (variant point) (point (lat [double]42.8675 lon [double]-88.0818))))"
201,42.9689,-88.2875,"Waukesha, Town of",USA,WI,,,Oak Grove Ln,,S41W27017,53189,42.9689,-88.2875,"  # (reverse-geocode-query (scale [float]10.0) (position (variant point) (point (lat [double]42.9689 lon [double]-88.2875))))"
202,42.9496,-88.33,"Genesee, Town of",USA,WI,,,Ridgefield Rd,,S51W29167,53189,42.9496,-88.33,"  # (reverse-geocode-query (scale [float]10.0) (position (variant point) (point (lat [double]42.9496 lon [double]-88.33))))"
203,42.991,-88.3606,"Genesee, Town of",USA,WI,,,Wild Berry Ln,,S29W30813,53189,42.991,-88.3606,"  # (reverse-geocode-query (scale [float]10.0) (position (variant point) (point (lat [double]42.991 lon [double]-88.3606))))"
204,42.9923,-88.3656,"Genesee, Town of",USA,WI,,,Wild Berry Ln,,S28W31048,53189,42.9923,-88.3656,"  # (reverse-geocode-query (scale [float]10.0) (position (variant point) (point (lat [double]42.9923 lon [double]-88.3656))))"
205,43.14,-88.5066,"Oconomowoc, Town of",USA,WI,,,Deer Creek Ct,,W383N6610,53066,43.14,-88.5066,"  # (reverse-geocode-query (scale [float]10.0) (position (variant point) (point (lat [double]43.14 lon [double]-88.5066))))"
206,43.1401,-88.5048,"Oconomowoc, Town of",USA,WI,,,Deer Creek Ct,,N66W38261,53066,43.1401,-88.5048,"  # (reverse-geocode-query (scale [float]10.0) (position (variant point) (point (lat [double]43.1401 lon [double]-88.5048))))"
207,43.14,-88.504,"Oconomowoc, Town of",USA,WI,,,Deer Creek Ct,,N66W38209,53066,43.14,-88.504,"  # (reverse-geocode-query (scale [float]10.0) (position (variant point) (point (lat [double]43.14 lon [double]-88.504))))"
208,43.1404,-88.5035,"Oconomowoc, Town of",USA,WI,,,Deer Creek Ct,,N66W38200,53066,43.1404,-88.5035,"  # (reverse-geocode-query (scale [float]10.0) (position (variant point) (point (lat [double]43.1404 lon [double]-88.5035))))"
209,43.1257,-88.4954,"Oconomowoc, Town of",USA,WI,,,Valley Rd,,W378N5839,53066,43.1257,-88.4954,"  # (reverse-geocode-query (scale [float]10.0) (position (variant point) (point (lat [double]43.1257 lon [double]-88.4954))))"
210,43.1231,-88.4954,"Oconomowoc, Town of",USA,WI,,,Sunset Ln,,N56W37771,53066,43.1231,-88.4954,"  # (reverse-geocode-query (scale [float]10.0) (position (variant point) (point (lat [double]43.1231 lon [double]-88.4954))))"
211,43.1282,-88.2955,"Lisbon, Town of",USA,WI,,,Ainsworth Rd,,N60W27580,53089,43.1282,-88.2955,"  # (reverse-geocode-query (scale [float]10.0) (position (variant point) (point (lat [double]43.1282 lon [double]-88.2955))))"
212,43.12,-88.3018,"Lisbon, Town of",USA,WI,,,Walnut Grove Dr,,W279N5630,53089,43.12,-88.3018,"  # (reverse-geocode-query (scale [float]10.0) (position (variant point) (point (lat [double]43.12 lon [double]-88.3018))))"
213,43.1217,-88.3025,"Lisbon, Town of",USA,WI,,,Walnut Grove Dr,,W279N5723,53089,43.1217,-88.3025,"  # (reverse-geocode-query (scale [float]10.0) (position (variant point) (point (lat [double]43.1217 lon [double]-88.3025))))"
214,43.1236,-88.3013,"Lisbon, Town of",USA,WI,,,Walnut Grove Dr,,W279N5828,53089,43.1236,-88.3013,"  # (reverse-geocode-query (scale [float]10.0) (position (variant point) (point (lat [double]43.1236 lon [double]-88.3013))))"
215,43.1228,-88.3027,"Lisbon, Town of",USA,WI,,,Teri Ln,,N57W27977,53089,43.1228,-88.3027,"  # (reverse-geocode-query (scale [float]10.0) (position (variant point) (point (lat [double]43.1228 lon [double]-88.3027))))"
216,43.1214,-88.2995,"Lisbon, Town of",USA,WI,,,Walnut Grove Ct,,N57W27811,53089,43.1214,-88.2995,"  # (reverse-geocode-query (scale [float]10.0) (position (variant point) (point (lat [double]43.1214 lon [double]-88.2995))))"
217,43.1494,-88.2294,"Lisbon, Town of",USA,WI,,,Ridgewood Rd,,W242N7265,53089,43.1494,-88.2294,"  # (reverse-geocode-query (scale [float]10.0) (position (variant point) (point (lat [double]43.1494 lon [double]-88.2294))))"
218,43.15,-88.2299,"Lisbon, Town of",USA,WI,,,Ridgewood Rd,,W243N7301,53089,43.15,-88.2299,"  # (reverse-geocode-query (scale [float]10.0) (position (variant point) (point (lat [double]43.15 lon [double]-88.2299))))"
219,43.1143,-88.2775,"Lisbon, Town of",USA,WI,,,Arrowhead Dr,,N52W26662,53072,43.1143,-88.2775,"  # (reverse-geocode-query (scale [float]10.0) (position (variant point) (point (lat [double]43.1143 lon [double]-88.2775))))"
220,43.04,-88.289,"Pewaukee, Town of",USA,WI,,,Jills Dr,,W271N732,53188,43.04,-88.289,"  # (reverse-geocode-query (scale [float]10.0) (position (variant point) (point (lat [double]43.04 lon [double]-88.289))))"
221,43.1316,-88.5083,"Oconomowoc, Town of",USA,WI,,,Sand Beach Rd,,W383N6151,53066,43.1316,-88.5083,"  # (reverse-geocode-query (scale [float]10.0) (position (variant point) (point (lat [double]43.1316 lon [double]-88.5083))))"
222,43.1345,-88.507,"Oconomowoc, Town of",USA,WI,,,Sand Beach Rd,,W383N6317,53066,43.1345,-88.507,"  # (reverse-geocode-query (scale [float]10.0) (position (variant point) (point (lat [double]43.1345 lon [double]-88.507))))"
223,42.9781,-88.3788,"Genesee, Town of",USA,WI,,,Bennett Ct,,W316S3680,53189,42.9781,-88.3788,"  # (reverse-geocode-query (scale [float]10.0) (position (variant point) (point (lat [double]42.9781 lon [double]-88.3788))))"
224,42.9773,-88.3794,"Genesee, Town of",USA,WI,,,Bennett Ct,,W317S3703,53189,42.9773,-88.3794,"  # (reverse-geocode-query (scale [float]10.0) (position (variant point) (point (lat [double]42.9773 lon [double]-88.3794))))"
225,43.0094,-88.3206,"Genesee, Town of",USA,WI,,,Price Ct,,S19W28818,53188,43.0094,-88.3206,"  # (reverse-geocode-query (scale [float]10.0) (position (variant point) (point (lat [double]43.0094 lon [double]-88.3206))))"
226,43.0104,-88.3212,"Genesee, Town of",USA,WI,,,Price Ct,,S18W28871,53188,43.0104,-88.3212,"  # (reverse-geocode-query (scale [float]10.0) (position (variant point) (point (lat [double]43.0104 lon [double]-88.3212))))"
227,43.0079,-88.3239,"Genesee, Town of",USA,WI,,,Parkers Pl,,W288S1955,53188,43.0079,-88.3239,"  # (reverse-geocode-query (scale [float]10.0) (position (variant point) (point (lat [double]43.0079 lon [double]-88.3239))))"
228,43.0097,-88.3298,"Genesee, Town of",USA,WI,,,Cambria Rd,,S19W29190,53188,43.0097,-88.3298,"  # (reverse-geocode-query (scale [float]10.0) (position (variant point) (point (lat [double]43.0097 lon [double]-88.3298))))"
229,43.0113,-88.3206,"Genesee, Town of",USA,WI,,,Price Ct,,S18W28851,53188,43.0113,-88.3206,"  # (reverse-geocode-query (scale [float]10.0) (position (variant point) (point (lat [double]43.0113 lon [double]-88.3206))))"
230,42.8717,-88.4348,"Eagle, Town of",USA,WI,,,Jericho Dr,,W345S9475,53119,42.8717,-88.4348,"  # (reverse-geocode-query (scale [float]10.0) (position (variant point) (point (lat [double]42.8717 lon [double]-88.4348))))"
231,42.8716,-88.4331,"Eagle, Town of",USA,WI,,,Jericho Dr,,W344S9470,53119,42.8716,-88.4331,"  # (reverse-geocode-query (scale [float]10.0) (position (variant point) (point (lat [double]42.8716 lon [double]-88.4331))))"
232,42.8825,-88.3783,"Mukwonago, Town of",USA,WI,,,Lauren's Pky,,W316S8882,53149,42.8825,-88.3783,"  # (reverse-geocode-query (scale [float]10.0) (position (variant point) (point (lat [double]42.8825 lon [double]-88.3783))))"
233,42.9757,-88.247,"Waukesha, Town of",USA,WI,,,Center Rd,,W249S3790,53189,42.9757,-88.247,"  # (reverse-geocode-query (scale [float]10.0) (position (variant point) (point (lat [double]42.9757 lon [double]-88.247))))"
234,43.9972,-89.2001,Neshkoro,USA,WI,,,Forest Hills Pky,,W6357,54960,43.9972,-89.2001,"  # (reverse-geocode-query (scale [float]10.0) (position (variant point) (point (lat [double]43.9972 lon [double]-89.2001))))"
235,43.9915,-89.3603,Wautoma,USA,WI,,,Cypress Rd,,W9537,54982,43.9915,-89.3603,"  # (reverse-geocode-query (scale [float]10.0) (position (variant point) (point (lat [double]43.9915 lon [double]-89.3603))))"
236,43.9949,-89.4082,Coloma,USA,WI,,,Czech Rd,,W10556,54930,43.9949,-89.4082,"  # (reverse-geocode-query (scale [float]10.0) (position (variant point) (point (lat [double]43.9949 lon [double]-89.4082))))"
237,43.9941,-89.2202,Neshkoro,USA,WI,,,Bannerman Junction Rd,,W6731,54960,43.9941,-89.2202,"  # (reverse-geocode-query (scale [float]10.0) (position (variant point) (point (lat [double]43.9941 lon [double]-89.2202))))"
238,43.9949,-89.2395,Wautoma,USA,WI,,,S Oakwood Cir,,W7111,54982,43.9949,-89.2395,"  # (reverse-geocode-query (scale [float]10.0) (position (variant point) (point (lat [double]43.9949 lon [double]-89.2395))))"
239,43.9944,-89.2537,Neshkoro,USA,WI,,,Retreat Rd,,W7501,54960,43.9944,-89.2537,"  # (reverse-geocode-query (scale [float]10.0) (position (variant point) (point (lat [double]43.9944 lon [double]-89.2537))))"
240,43.9959,-89.5023,Coloma,USA,WI,,,6th Ave,,N487,54930,43.9959,-89.5023,"  # (reverse-geocode-query (scale [float]10.0) (position (variant point) (point (lat [double]43.9959 lon [double]-89.5023))))"
241,43.9967,-89.24,Wautoma,USA,WI,,,N Oakwood Cir,,W7126,54982,43.9967,-89.24,"  # (reverse-geocode-query (scale [float]10.0) (position (variant point) (point (lat [double]43.9967 lon [double]-89.24))))"
242,43.9973,-89.4596,Coloma,USA,WI,,,Czech Ave,,W11586,54930,43.9973,-89.4596,"  # (reverse-geocode-query (scale [float]10.0) (position (variant point) (point (lat [double]43.9973 lon [double]-89.4596))))"
243,43.9986,-89.2019,Neshkoro,USA,WI,,,Czech Ave,,W6362,54960,43.9986,-89.2019,"  # (reverse-geocode-query (scale [float]10.0) (position (variant point) (point (lat [double]43.9986 lon [double]-89.2019))))"
244,43.9967,-89.1957,Neshkoro,USA,WI,,,Czech Ave,,W6257,54960,43.9967,-89.1957,"  # (reverse-geocode-query (scale [float]10.0) (position (variant point) (point (lat [double]43.9967 lon [double]-89.1957))))"
245,43.9937,-88.9067,Berlin,USA,WI,,,36th Ct,,N360,54923,43.9937,-88.9067,"  # (reverse-geocode-query (scale [float]10.0) (position (variant point) (point (lat [double]43.9937 lon [double]-88.9067))))"
246,43.9948,-89.0992,Redgranite,USA,WI,,,26th Ct,,N398,54970,43.9948,-89.0992,"  # (reverse-geocode-query (scale [float]10.0) (position (variant point) (point (lat [double]43.9948 lon [double]-89.0992))))"
247,20.2248,-155.769,Kapaau,USA,HI,,,Akoni Pule Hwy,,53-4293,96755,20.2248,-155.769,"  # (reverse-geocode-query (scale [float]10.0) (position (variant point) (point (lat [double]20.2248 lon [double]-155.769))))"
248,20.2263,-155.775,Kapaau,USA,HI,,,Akoni Pule Hwy,,53-4213,96755,20.2263,-155.775,"  # (reverse-geocode-query (scale [float]10.0) (position (variant point) (point (lat [double]20.2263 lon [double]-155.775))))"
249,20.2324,-155.804,Kapaau,USA,HI,,,Akoni Pule Hwy,,54-3793,96755,20.2324,-155.804,"  # (reverse-geocode-query (scale [float]10.0) (position (variant point) (point (lat [double]20.2324 lon [double]-155.804))))"
250,40.7314,-73.8685,New York,USA,NY,,,Saunders St,,61-14,11374,40.7314,-73.8685,"  # (reverse-geocode-query (scale [float]10.0) (position (variant point) (point (lat [double]40.7314 lon [double]-73.8685))))"
251,40.7316,-73.868,New York,USA,NY,,,Saunders St,,61-27,11374,40.7316,-73.868,"  # (reverse-geocode-query (scale [float]10.0) (position (variant point) (point (lat [double]40.7316 lon [double]-73.868))))"
252,40.7312,-73.8681,New York,USA,NY,,,Saunders St,,61-28,11374,40.7312,-73.8681,"  # (reverse-geocode-query (scale [float]10.0) (position (variant point) (point (lat [double]40.7312 lon [double]-73.8681))))"
253,40.7316,-73.8679,New York,USA,NY,,,Saunders St,,61-29,11374,40.7316,-73.8679,"  # (reverse-geocode-query (scale [float]10.0) (position (variant point) (point (lat [double]40.7316 lon [double]-73.8679))))"
254,40.7315,-73.8678,New York,USA,NY,,,Saunders St,,61-31,11374,40.7315,-73.8678,"  # (reverse-geocode-query (scale [float]10.0) (position (variant point) (point (lat [double]40.7315 lon [double]-73.8678))))"
255,40.731,-73.8677,New York,USA,NY,,,Saunders St,,61-40,11374,40.731,-73.8677,"  # (reverse-geocode-query (scale [float]10.0) (position (variant point) (point (lat [double]40.731 lon [double]-73.8677))))"
256,40.7313,-73.8674,New York,USA,NY,,,Saunders St,,61-41,11374,40.7313,-73.8674,"  # (reverse-geocode-query (scale [float]10.0) (position (variant point) (point (lat [double]40.7313 lon [double]-73.8674))))"
257,40.7319,-73.8685,New York,USA,NY,,,Saunders St,,61-17,11374,40.7319,-73.8685,"  # (reverse-geocode-query (scale [float]10.0) (position (variant point) (point (lat [double]40.7319 lon [double]-73.8685))))"
258,40.7318,-73.8683,New York,USA,NY,,,Saunders St,,61-17,11374,40.7318,-73.8683,"  # (reverse-geocode-query (scale [float]10.0) (position (variant point) (point (lat [double]40.7318 lon [double]-73.8683))))"
259,19.518801,-155.920044,Kealakekua,USA,HI,,,Hawaii Belt Rd,,816686,96750,19.518801,-155.920044,"  # (reverse-geocode-query (scale [float]10.0) (position (variant point) (point (lat [double]19.5188 lon [double]-155.92))))"
260,19.5201,-155.919,Kealakekua,USA,HI,,,Hawaii Belt Rd,,79-7597,96750,19.5201,-155.919,"  # (reverse-geocode-query (scale [float]10.0) (position (variant point) (point (lat [double]19.5201 lon [double]-155.919))))"
261,19.6485,-156.005,Kailua Kona,USA,HI,,,Makala Blvd,,74-5562,96740,19.6485,-156.005,"  # (reverse-geocode-query (scale [float]10.0) (position (variant point) (point (lat [double]19.6485 lon [double]-156.005))))"
262,19.800339,-155.986221,Kailua Kona,USA,HI,,,Poopoomino Pl,,72968,96740,19.800339,-155.986221,"  # (reverse-geocode-query (scale [float]10.0) (position (variant point) (point (lat [double]19.7997 lon [double]-155.988))))"
263,19.8001,-156.002,Kailua Kona,USA,HI,,,Punaloa Pl,,72-3201,96740,19.8001,-156.002,"  # (reverse-geocode-query (scale [float]10.0) (position (variant point) (point (lat [double]19.8001 lon [double]-156.002))))"
264,19.8004,-156.002,Kailua Kona,USA,HI,,,Punaloa Pl,,72-3203,96740,19.8004,-156.002,"  # (reverse-geocode-query (scale [float]10.0) (position (variant point) (point (lat [double]19.8004 lon [double]-156.002))))"
265,19.8037,-156.003,Kailua Kona,USA,HI,,,Ka Nehe Pl,,72-3211,96740,19.8037,-156.003,"  # (reverse-geocode-query (scale [float]10.0) (position (variant point) (point (lat [double]19.8037 lon [double]-156.003))))"
266,19.8039,-156.005,Kailua Kona,USA,HI,,,Mauu Pili Pl,,72-3150,96740,19.8039,-156.005,"  # (reverse-geocode-query (scale [float]10.0) (position (variant point) (point (lat [double]19.8039 lon [double]-156.005))))"
267,19.8041,-156.002,Kailua Kona,USA,HI,,,Ka Nehe Pl,,72-3223,96740,19.8041,-156.002,"  # (reverse-geocode-query (scale [float]10.0) (position (variant point) (point (lat [double]19.8041 lon [double]-156.002))))"
268,19.8035,-156.005,Kailua Kona,USA,HI,,,Mauu Pili Pl,,72-3158,96740,19.8035,-156.005,"  # (reverse-geocode-query (scale [float]10.0) (position (variant point) (point (lat [double]19.8035 lon [double]-156.005))))"
269,19.8031,-156.006,Kailua Kona,USA,HI,,,Mauu Pili Pl,,72-3164,96740,19.8031,-156.006,"  # (reverse-geocode-query (scale [float]10.0) (position (variant point) (point (lat [double]19.8031 lon [double]-156.006))))"
270,19.8034,-156.006,Kailua Kona,USA,HI,,,Mauu Pili Pl,,72-3162,96740,19.8034,-156.006,"  # (reverse-geocode-query (scale [float]10.0) (position (variant point) (point (lat [double]19.8034 lon [double]-156.006))))"
271,19.8057,-156.005,Kailua Kona,USA,HI,,,Pewa Pl,,72-3203,96740,19.8057,-156.005,"  # (reverse-geocode-query (scale [float]10.0) (position (variant point) (point (lat [double]19.8057 lon [double]-156.005))))"
272,19.8034,-156.009,Kailua Kona,USA,HI,,,Makani Eka Pl,,72-3190,96740,19.8034,-156.009,"  # (reverse-geocode-query (scale [float]10.0) (position (variant point) (point (lat [double]19.8034 lon [double]-156.009))))"
273,19.8021,-156.008,Kailua Kona,USA,HI,,,Makani Eka Pl,,72-3191,96740,19.8021,-156.008,"  # (reverse-geocode-query (scale [float]10.0) (position (variant point) (point (lat [double]19.8021 lon [double]-156.008))))"
274,20.2386,-155.821,Hawi,USA,HI,,,Akoni Pule Hwy,,55-3545,96719,20.2386,-155.821,"  # (reverse-geocode-query (scale [float]10.0) (position (variant point) (point (lat [double]20.2386 lon [double]-155.821))))"
275,20.2368,-155.822,Hawi,USA,HI,,,Akoni Pule Hwy,,55-3532,96719,20.2368,-155.822,"  # (reverse-geocode-query (scale [float]10.0) (position (variant point) (point (lat [double]20.2368 lon [double]-155.822))))"
276,20.2324,-155.804,Kapaau,USA,HI,,,Akoni Pule Hwy,,54-3793,96755,20.2324,-155.804,"  # (reverse-geocode-query (scale [float]10.0) (position (variant point) (point (lat [double]20.2324 lon [double]-155.804))))"
277,20.2248,-155.769,Kapaau,USA,HI,,,Akoni Pule Hwy,,53-4293,96755,20.2248,-155.769,"  # (reverse-geocode-query (scale [float]10.0) (position (variant point) (point (lat [double]20.2248 lon [double]-155.769))))"
278,20.2263,-155.775,Kapaau,USA,HI,,,Akoni Pule Hwy,,53-4213,96755,20.2263,-155.775,"  # (reverse-geocode-query (scale [float]10.0) (position (variant point) (point (lat [double]20.2263 lon [double]-155.775))))"
279,41.8206,-88.1488,Warrenville,USA,IL,,,Herrick Rd,,3S410,60555,41.8206,-88.1488,"  # (reverse-geocode-query (scale [float]10.0) (position (variant point) (point (lat [double]41.8206 lon [double]-88.1488))))"
280,41.9544,-88.0323,Itasca,USA,IL,,,IL-53,,5N302,60143,41.9544,-88.0323,"  # (reverse-geocode-query (scale [float]10.0) (position (variant point) (point (lat [double]41.9544 lon [double]-88.0323))))"
281,41.7807,-88.2321,Naperville,USA,IL,,,N Aurora Rd,,31W273,60563,41.7807,-88.2321,"  # (reverse-geocode-query (scale [float]10.0) (position (variant point) (point (lat [double]41.7807 lon [double]-88.2321))))"
282,20.0232,-155.67,Kamuela,USA,HI,,,Kapiolani Rd,,65-1183,96743,20.0232,-155.67,"  # (reverse-geocode-query (scale [float]10.0) (position (variant point) (point (lat [double]20.0232 lon [double]-155.67))))"
283,20.0234,-155.67,Kamuela,USA,HI,,,Kapiolani Rd,,65-1181,96743,20.0234,-155.67,"  # (reverse-geocode-query (scale [float]10.0) (position (variant point) (point (lat [double]20.0234 lon [double]-155.67))))"
284,20.0242,-155.671,Kamuela,USA,HI,,,Makapehu Rd,,65-1241,96743,20.0242,-155.671,"  # (reverse-geocode-query (scale [float]10.0) (position (variant point) (point (lat [double]20.0242 lon [double]-155.671))))"
285,20.0246,-155.672,Kamuela,USA,HI,,,Hoku Rd,,65-1298,96743,20.0246,-155.672,"  # (reverse-geocode-query (scale [float]10.0) (position (variant point) (point (lat [double]20.0246 lon [double]-155.672))))"
286,20.0247,-155.672,Kamuela,USA,HI,,,Hoku Rd,,65-1298,96743,20.0247,-155.672,"  # (reverse-geocode-query (scale [float]10.0) (position (variant point) (point (lat [double]20.0247 lon [double]-155.672))))"
287,20.024,-155.67,Kamuela,USA,HI,,,Ohu Rd,,65-1263,96743,20.024,-155.67,"  # (reverse-geocode-query (scale [float]10.0) (position (variant point) (point (lat [double]20.024 lon [double]-155.67))))"
288,20.023197,-155.671005,Kamuela,USA,HI,,,Lindsey Rd,,651280,96743,20.023197,-155.671005,"  # (reverse-geocode-query (scale [float]10.0) (position (variant point) (point (lat [double]20.0232 lon [double]-155.671))))"
289,20.024,-155.671,Kamuela,USA,HI,,,Makapehu Rd,,65-1241,96743,20.024,-155.671,"  # (reverse-geocode-query (scale [float]10.0) (position (variant point) (point (lat [double]20.024 lon [double]-155.671))))"
290,20.0246,-155.67,Kamuela,USA,HI,,,Ki Rd,,65-1268,96743,20.0246,-155.67,"  # (reverse-geocode-query (scale [float]10.0) (position (variant point) (point (lat [double]20.0246 lon [double]-155.67))))"
291,20.0252,-155.671,Kamuela,USA,HI,,,Hoku Rd,,65-1283,96743,20.0252,-155.671,"  # (reverse-geocode-query (scale [float]10.0) (position (variant point) (point (lat [double]20.0252 lon [double]-155.671))))"
292,20.015,-155.67,Kamuela,USA,HI,,,Halalena Pl,,67-1228,96743,20.015,-155.67,"  # (reverse-geocode-query (scale [float]10.0) (position (variant point) (point (lat [double]20.015 lon [double]-155.67))))"
293,20.014,-155.669,Kamuela,USA,HI,,,Neleau Pl,,67-1217,96743,20.014,-155.669,"  # (reverse-geocode-query (scale [float]10.0) (position (variant point) (point (lat [double]20.014 lon [double]-155.669))))"
294,20.0149,-155.669,Kamuela,USA,HI,,,Kulumanu St,,67-1243,96743,20.0149,-155.669,"  # (reverse-geocode-query (scale [float]10.0) (position (variant point) (point (lat [double]20.0149 lon [double]-155.669))))"
295,20.0253,-155.664,Kamuela,USA,HI,,,Church Rd,,65-1108,96743,20.0253,-155.664,"  # (reverse-geocode-query (scale [float]10.0) (position (variant point) (point (lat [double]20.0253 lon [double]-155.664))))"
296,20.0155,-155.315,Paauilo,USA,HI,,,Hawaii Belt Rd,,41-520,96776,20.0155,-155.315,"  # (reverse-geocode-query (scale [float]10.0) (position (variant point) (point (lat [double]20.0155 lon [double]-155.315))))"
297,20.0138,-155.671,Kamuela,USA,HI,,,Nohoaina Pl,,67-1218,96743,20.0138,-155.671,"  # (reverse-geocode-query (scale [float]10.0) (position (variant point) (point (lat [double]20.0138 lon [double]-155.671))))"
298,20.0239,-155.67,Kamuela,USA,HI,,,Ohu Rd,,65-1262,96743,20.0239,-155.67,"  # (reverse-geocode-query (scale [float]10.0) (position (variant point) (point (lat [double]20.0239 lon [double]-155.67))))"
299,19.3482,-154.985,Pahoa,USA,HI,,,Ala Lokelani,,Dec-60,96778,19.3482,-154.985,"  # (reverse-geocode-query (scale [float]10.0) (position (variant point) (point (lat [double]19.3482 lon [double]-154.985))))"
300,19.3633,-154.981,Pahoa,USA,HI,,,Kaimu Chain of Craters Rd,,Dec-00,96778,19.3633,-154.981,"  # (reverse-geocode-query (scale [float]10.0) (position (variant point) (point (lat [double]19.3633 lon [double]-154.981))))"